timestamp,tower_id,users_connected,download_speed,upload_speed,latency,weather,congestion
01-01-2025 00:00,1,152,80.67158375,9.988304703,158.1412901,Clear,0
01-01-2025 01:00,1,171,19.81947943,3.846096996,174.5734677,Clear,0
01-01-2025 02:00,1,713,66.83440493,3.764167372,147.1797667,Snow,0
01-01-2025 03:00,1,435,22.27337188,9.986820983,67.80602616,Clear,0
01-01-2025 04:00,1,797,7.190930379,26.71395835,85.97358463,Clear,0
01-01-2025 05:00,1,749,39.80437511,23.34742923,159.1834327,Clear,0
01-01-2025 06:00,1,616,98.40693415,23.87138177,173.3886773,Clear,0
01-01-2025 07:00,1,890,11.17990133,47.49539133,193.4700863,Rain,1
01-01-2025 08:00,1,826,6.516793961,12.31379746,55.79483854,Clear,0
01-01-2025 09:00,1,477,52.04180646,2.685037535,182.7708764,Clear,0
01-01-2025 10:00,1,921,76.75933398,21.83263785,49.50891594,Clear,0
01-01-2025 11:00,1,526,97.11053964,38.98150834,188.5047989,Snow,0
01-01-2025 12:00,1,319,74.09083961,17.00049767,118.3843551,Clear,0
01-01-2025 13:00,1,751,35.90638142,20.04518719,61.55631604,Rain,0
01-01-2025 14:00,1,971,96.69925419,30.74467814,62.43984458,Clear,0
01-01-2025 15:00,1,862,12.08231115,49.35745989,156.7265062,Clear,1
01-01-2025 16:00,1,521,6.337583158,10.7432778,145.154971,Rain,0
01-01-2025 17:00,1,428,12.03424191,18.5648207,32.01512131,Snow,0
01-01-2025 18:00,1,889,47.69781404,5.675095708,80.45546792,Clear,0
01-01-2025 19:00,1,854,74.31258694,32.2403161,178.5704211,Clear,1
01-01-2025 20:00,1,662,97.31264906,42.59677739,147.128609,Clear,0
01-01-2025 21:00,1,447,51.91058165,26.61390864,91.23279349,Clear,0
01-01-2025 22:00,1,510,24.16332422,44.89241619,100.3203424,Clear,0
01-01-2025 23:00,1,949,91.21881502,13.21531923,87.97275538,Rain,0
02-01-2025 00:00,1,85,94.5710892,30.34440786,142.0091373,Snow,0
02-01-2025 01:00,1,731,81.77143606,32.03678407,175.5775121,Rain,0
02-01-2025 02:00,1,605,44.56844505,44.28073269,71.62555399,Clear,0
02-01-2025 03:00,1,522,35.21033012,6.392544302,53.30768088,Clear,0
02-01-2025 04:00,1,677,38.49404135,15.93428165,41.2846121,Clear,0
02-01-2025 05:00,1,367,26.10024199,6.873402999,74.14688257,Snow,0
02-01-2025 06:00,1,423,25.78260086,28.3469981,86.7288725,Clear,0
02-01-2025 07:00,1,491,96.43249302,13.3373325,104.4772161,Clear,0
02-01-2025 08:00,1,674,99.78534608,14.0722697,195.5568416,Clear,0
02-01-2025 09:00,1,904,31.4714141,45.50502841,55.51675923,Clear,0
02-01-2025 10:00,1,733,47.53940063,28.09176136,122.6123775,Clear,0
02-01-2025 11:00,1,233,27.57556668,36.68260108,79.87879522,Clear,0
02-01-2025 12:00,1,247,42.88832203,41.00516179,161.6855737,Clear,0
02-01-2025 13:00,1,236,22.71925849,2.997981936,122.2696592,Clear,0
02-01-2025 14:00,1,452,72.55920558,40.66555126,76.24653759,Clear,0
02-01-2025 15:00,1,538,70.63908512,19.95003197,187.9786979,Clear,0
02-01-2025 16:00,1,522,24.86180397,27.53095072,142.1990359,Clear,0
02-01-2025 17:00,1,193,82.63610902,28.20483977,110.6336099,Clear,0
02-01-2025 18:00,1,353,96.71483837,28.35637923,177.7009052,Clear,0
02-01-2025 19:00,1,282,38.17490959,36.57182826,180.4509494,Snow,0
02-01-2025 20:00,1,169,89.33815938,42.69549399,187.7706489,Rain,0
02-01-2025 21:00,1,153,62.61076067,1.450655529,29.27959314,Clear,0
02-01-2025 22:00,1,910,31.9724926,15.96282916,102.2666132,Clear,0
02-01-2025 23:00,1,730,21.712899,1.885692817,103.8398059,Clear,0
03-01-2025 00:00,1,553,66.71512541,42.61194711,134.9464495,Clear,0
03-01-2025 01:00,1,509,53.3373373,32.18029829,57.58774554,Clear,0
03-01-2025 02:00,1,279,42.34428384,44.7102812,129.9163389,Rain,0
03-01-2025 03:00,1,847,66.28481939,33.77727892,174.1918374,Clear,1
03-01-2025 04:00,1,865,31.67337443,2.191482355,132.6397362,Clear,0
03-01-2025 05:00,1,269,49.64472883,14.69845675,177.8638642,Rain,0
03-01-2025 06:00,1,86,93.19026345,21.98102327,193.6644156,Storm,0
03-01-2025 07:00,1,165,32.97264475,19.8697887,171.7159676,Clear,0
03-01-2025 08:00,1,177,40.40525237,20.33988187,170.4004967,Snow,0
03-01-2025 09:00,1,735,14.23176691,31.13535411,198.1102315,Clear,0
03-01-2025 10:00,1,204,33.0526059,16.80498745,171.247261,Clear,0
03-01-2025 11:00,1,295,39.15165937,15.38600037,163.7786195,Rain,0
03-01-2025 12:00,1,970,63.09380253,4.99811484,10.98512393,Clear,0
03-01-2025 13:00,1,69,66.74657342,35.39637699,161.2006072,Snow,0
03-01-2025 14:00,1,520,7.623593328,29.36437988,93.31008337,Clear,0
03-01-2025 15:00,1,100,49.23181172,27.5895871,64.4428379,Clear,0
03-01-2025 16:00,1,391,28.77387925,2.902901987,67.62044779,Clear,0
03-01-2025 17:00,1,662,54.61310971,38.7296841,51.00599522,Clear,0
03-01-2025 18:00,1,245,84.99219213,10.52462167,88.15724196,Clear,0
03-01-2025 19:00,1,985,73.9786767,48.81675189,108.0970662,Clear,0
03-01-2025 20:00,1,706,42.88798564,22.24251614,151.3681022,Clear,0
03-01-2025 21:00,1,523,96.45159939,41.96302591,142.2350992,Clear,0
03-01-2025 22:00,1,107,91.94530412,22.67525926,55.55959824,Clear,0
03-01-2025 23:00,1,650,67.71875079,14.71676095,191.4244033,Rain,0
04-01-2025 00:00,1,496,46.38892537,36.77192651,19.06606426,Clear,0
04-01-2025 01:00,1,484,76.99538049,1.705280943,32.0538017,Clear,0
04-01-2025 02:00,1,143,86.26875548,35.47923511,100.0930275,Clear,0
04-01-2025 03:00,1,481,81.65673282,17.96891173,98.28802446,Clear,0
04-01-2025 04:00,1,811,63.50575931,32.11958889,18.60776186,Clear,0
04-01-2025 05:00,1,811,93.67644927,25.55095431,112.4817152,Clear,0
04-01-2025 06:00,1,65,11.704031,32.47854463,15.037149,Clear,0
04-01-2025 07:00,1,524,81.09018299,34.18124878,118.9397379,Clear,0
04-01-2025 08:00,1,740,82.9607502,31.67104383,165.8811003,Clear,0
04-01-2025 09:00,1,92,23.6001578,4.398703743,29.14782026,Clear,0
04-01-2025 10:00,1,548,63.73411901,17.49115653,134.5873007,Clear,0
04-01-2025 11:00,1,651,37.3593341,13.77403188,104.2471163,Clear,0
04-01-2025 12:00,1,675,64.74957044,43.99612866,149.6634983,Rain,0
04-01-2025 13:00,1,810,57.05732891,21.75007617,118.0188539,Clear,0
04-01-2025 14:00,1,148,44.19867931,19.2288862,157.5184625,Clear,0
04-01-2025 15:00,1,239,58.37733575,12.69124613,139.1705082,Rain,0
04-01-2025 16:00,1,916,14.79676754,45.22509243,105.9979508,Rain,0
04-01-2025 17:00,1,391,33.27534158,5.899259471,20.16220638,Storm,0
04-01-2025 18:00,1,964,13.67223429,16.64636824,190.5117737,Storm,1
04-01-2025 19:00,1,900,51.83743749,5.080936149,27.42378798,Clear,0
04-01-2025 20:00,1,997,68.88925333,37.86635194,160.4000183,Rain,1
04-01-2025 21:00,1,158,93.43826504,48.73816222,199.226936,Clear,0
04-01-2025 22:00,1,212,89.33189736,18.19483562,32.24273312,Clear,0
04-01-2025 23:00,1,123,84.51156805,43.47656656,169.3113451,Clear,0
05-01-2025 00:00,1,217,11.9124856,41.27114291,144.1860232,Clear,0
05-01-2025 01:00,1,214,27.15666688,29.48396544,173.9963192,Snow,0
05-01-2025 02:00,1,706,94.98861485,49.31405213,153.1418552,Clear,0
05-01-2025 03:00,1,464,50.75836386,19.52139192,143.9660292,Clear,0
05-01-2025 04:00,1,580,15.56376082,25.13863011,12.15719251,Clear,0
05-01-2025 05:00,1,107,75.39251679,38.5925478,166.3301669,Rain,0
05-01-2025 06:00,1,436,60.42003268,48.14645488,81.22541011,Clear,0
05-01-2025 07:00,1,873,55.19516152,22.38045575,162.4007573,Storm,1
05-01-2025 08:00,1,222,9.100191635,44.66601257,110.2632107,Storm,0
05-01-2025 09:00,1,278,29.03406596,35.07514503,24.33256395,Clear,0
05-01-2025 10:00,1,354,71.09612545,23.27251217,129.2360352,Clear,0
05-01-2025 11:00,1,705,75.02456706,45.84746274,192.1534574,Clear,0
05-01-2025 12:00,1,407,48.28739151,31.38649729,62.70242477,Clear,0
05-01-2025 13:00,1,139,41.88549648,12.24034254,60.52820574,Clear,0
05-01-2025 14:00,1,789,98.69002073,35.20992399,111.8583096,Clear,0
05-01-2025 15:00,1,773,62.26427879,14.27692448,35.30517379,Clear,0
05-01-2025 16:00,1,439,95.23099176,36.56025591,126.5488872,Clear,0
05-01-2025 17:00,1,873,88.28284116,28.02780575,41.31850962,Clear,0
05-01-2025 18:00,1,423,82.00256642,49.37653034,38.57920931,Clear,0
05-01-2025 19:00,1,112,42.33399765,41.62904681,118.1254791,Clear,0
05-01-2025 20:00,1,154,44.40785272,14.39694652,20.71134436,Snow,0
05-01-2025 21:00,1,758,99.97317896,49.83520502,115.5320241,Rain,0
05-01-2025 22:00,1,726,76.92271419,19.51467691,55.80611814,Clear,0
05-01-2025 23:00,1,50,95.63484759,30.70255709,53.44213305,Clear,0
06-01-2025 00:00,1,849,9.45516444,14.16495162,14.21510099,Clear,0
06-01-2025 01:00,1,487,78.37024721,26.48801155,171.9144851,Clear,0
06-01-2025 02:00,1,438,13.39878122,39.79907413,122.0916205,Clear,0
06-01-2025 03:00,1,968,76.73803929,31.39516802,143.7751559,Clear,0
06-01-2025 04:00,1,471,63.64005265,49.04267353,125.5366914,Clear,0
06-01-2025 05:00,1,384,46.56011759,45.30377603,76.16853873,Clear,0
06-01-2025 06:00,1,384,42.67156432,31.48224831,173.8491047,Snow,0
06-01-2025 07:00,1,949,48.63794675,42.26247934,156.0943708,Clear,1
06-01-2025 08:00,1,118,98.10309465,25.13828661,72.46280595,Clear,0
06-01-2025 09:00,1,801,37.44850499,27.32590742,97.42264021,Clear,0
06-01-2025 10:00,1,423,71.2784195,9.823296345,142.3352786,Clear,0
06-01-2025 11:00,1,913,50.02635582,33.71032919,42.74077553,Clear,0
06-01-2025 12:00,1,452,83.0701105,17.90904876,76.04765075,Clear,0
06-01-2025 13:00,1,887,16.46040775,23.57815963,49.2034065,Clear,0
06-01-2025 14:00,1,127,36.35945376,16.75755547,27.53521138,Clear,0
06-01-2025 15:00,1,263,12.76710804,43.80535258,184.9657561,Clear,0
06-01-2025 16:00,1,75,87.48860517,5.141333376,123.4828356,Storm,0
06-01-2025 17:00,1,352,40.19484977,24.74162627,127.4684066,Clear,0
06-01-2025 18:00,1,265,73.44902583,4.054726763,38.07042746,Clear,0
06-01-2025 19:00,1,52,90.04464958,26.07219466,111.1015622,Clear,0
06-01-2025 20:00,1,555,38.64393373,20.46102779,29.92514164,Rain,0
06-01-2025 21:00,1,77,6.906763789,16.78187911,50.17512133,Clear,0
06-01-2025 22:00,1,861,27.1555591,17.80341635,100.0542889,Clear,0
06-01-2025 23:00,1,282,52.3520089,5.259094116,112.0502429,Clear,0
07-01-2025 00:00,1,825,60.72086629,28.65846858,81.96679893,Clear,0
07-01-2025 01:00,1,741,66.36213793,28.96813693,77.65837792,Storm,0
07-01-2025 02:00,1,790,93.70072326,1.369183794,52.81323157,Clear,0
07-01-2025 03:00,1,673,20.26473046,10.14178418,64.16808205,Clear,0
07-01-2025 04:00,1,872,85.01983335,3.530138416,13.46607147,Clear,0
07-01-2025 05:00,1,969,15.64369571,20.49492435,194.1993823,Snow,1
07-01-2025 06:00,1,695,97.63138048,25.04669018,147.3502584,Rain,0
07-01-2025 07:00,1,243,57.89247484,29.00902178,63.1960278,Rain,0
07-01-2025 08:00,1,375,96.95943632,35.83667146,47.90631619,Rain,0
07-01-2025 09:00,1,189,15.90949835,30.92038208,64.83980512,Clear,0
07-01-2025 10:00,1,188,93.54136251,16.71146742,122.8377885,Clear,0
07-01-2025 11:00,1,59,57.1172962,27.89717701,48.32878784,Clear,0
07-01-2025 12:00,1,645,29.1908622,34.39363339,154.4432934,Clear,0
07-01-2025 13:00,1,969,62.5796787,39.92018305,30.27285752,Snow,0
07-01-2025 14:00,1,285,43.80923783,46.71396529,198.2766005,Clear,0
07-01-2025 15:00,1,596,93.01269524,36.35823099,19.13798235,Rain,0
07-01-2025 16:00,1,828,80.55039463,10.87973868,41.09462914,Clear,0
07-01-2025 17:00,1,54,27.39071588,32.05416962,182.4945648,Clear,0
07-01-2025 18:00,1,91,42.28228521,41.01337253,93.43563263,Clear,0
07-01-2025 19:00,1,740,64.2896467,27.44927203,93.36148832,Clear,0
07-01-2025 20:00,1,194,90.45958446,19.81066985,113.2750436,Snow,0
07-01-2025 21:00,1,996,56.57068451,22.14487901,73.23499932,Rain,0
07-01-2025 22:00,1,603,18.2308469,39.90723427,127.8138236,Clear,0
07-01-2025 23:00,1,280,59.44933068,49.88693818,152.9565928,Rain,0
08-01-2025 00:00,1,460,75.67489779,2.643089302,118.2790401,Rain,0
08-01-2025 01:00,1,684,76.69035273,6.042885506,111.9314568,Clear,0
08-01-2025 02:00,1,926,17.11142292,20.46707724,161.4861195,Clear,1
08-01-2025 03:00,1,96,43.85074182,38.82221705,12.31858374,Clear,0
08-01-2025 04:00,1,981,56.55882212,13.33815389,75.68223877,Clear,0
08-01-2025 05:00,1,891,37.53980443,12.14019817,90.48340386,Clear,0
08-01-2025 06:00,1,412,19.5683833,29.72526177,106.118849,Clear,0
08-01-2025 07:00,1,672,73.97908068,30.05518236,29.4204062,Snow,0
08-01-2025 08:00,1,182,92.63744121,35.65469308,38.98241815,Clear,0
08-01-2025 09:00,1,427,11.54754624,4.788732209,29.80692355,Rain,0
08-01-2025 10:00,1,828,47.82974028,6.548664246,197.1198278,Rain,1
08-01-2025 11:00,1,231,84.56162496,17.27517422,69.17441017,Clear,0
08-01-2025 12:00,1,960,42.90525687,3.683320302,73.68747591,Rain,0
08-01-2025 13:00,1,166,62.35354551,6.599097703,88.755871,Snow,0
08-01-2025 14:00,1,855,37.90286946,18.00070689,150.1252371,Clear,1
08-01-2025 15:00,1,988,8.120433673,45.72472368,57.16302412,Clear,0
08-01-2025 16:00,1,229,44.7979177,45.82744915,78.85484083,Clear,0
08-01-2025 17:00,1,711,25.90923534,11.42135843,107.8829997,Storm,0
08-01-2025 18:00,1,410,19.12295914,21.31658206,26.21643693,Storm,0
08-01-2025 19:00,1,610,33.46161162,16.18690939,85.49044194,Clear,0
08-01-2025 20:00,1,772,38.19176491,23.94335959,128.7454375,Clear,0
08-01-2025 21:00,1,193,58.65990766,4.219723332,157.3502472,Clear,0
08-01-2025 22:00,1,243,55.77330967,24.57330947,104.4322703,Rain,0
08-01-2025 23:00,1,693,22.2831724,43.22749543,189.7619378,Clear,0
09-01-2025 00:00,1,507,90.25588893,26.80234487,162.1424566,Storm,0
09-01-2025 01:00,1,849,73.01736174,33.28727315,15.14823858,Clear,0
09-01-2025 02:00,1,492,53.02324852,30.15740001,74.46153672,Clear,0
09-01-2025 03:00,1,100,67.01088025,12.67095627,28.89386462,Clear,0
09-01-2025 04:00,1,127,62.30375321,40.5356573,192.9033705,Snow,0
09-01-2025 05:00,1,231,24.47350806,15.36423878,180.3038055,Clear,0
09-01-2025 06:00,1,824,74.91093825,42.55827668,33.32760904,Snow,0
09-01-2025 07:00,1,334,45.03533231,44.74091384,165.3142767,Clear,0
09-01-2025 08:00,1,795,83.38519649,18.7899014,16.50334106,Rain,0
09-01-2025 09:00,1,854,43.89410696,28.05031186,92.86404054,Clear,0
09-01-2025 10:00,1,549,97.58199019,39.20817996,31.70520592,Clear,0
09-01-2025 11:00,1,108,89.98246155,40.19290754,90.79056585,Clear,0
09-01-2025 12:00,1,575,75.4602597,35.2434468,86.48450828,Clear,0
09-01-2025 13:00,1,327,84.3183725,49.23570685,109.8811346,Clear,0
09-01-2025 14:00,1,776,69.90246636,41.30660992,110.6357189,Rain,0
09-01-2025 15:00,1,90,31.03524597,28.15472212,133.7698738,Rain,0
09-01-2025 16:00,1,648,15.12497936,7.860908394,60.0999225,Clear,0
09-01-2025 17:00,1,780,61.75424471,30.42532616,136.3569682,Clear,0
09-01-2025 18:00,1,734,84.6201615,20.81469358,156.4731616,Clear,0
09-01-2025 19:00,1,179,20.79692003,37.1636472,25.73174691,Clear,0
09-01-2025 20:00,1,843,11.48372201,42.01687054,93.06674531,Snow,0
09-01-2025 21:00,1,236,33.22656298,28.75382737,100.4495764,Clear,0
09-01-2025 22:00,1,807,17.82512136,24.70399215,61.28313225,Clear,0
09-01-2025 23:00,1,516,61.53240342,3.519864861,104.309587,Clear,0
10-01-2025 00:00,1,531,64.21659234,24.23762813,75.43290909,Clear,0
10-01-2025 01:00,1,690,52.07167504,34.73171742,92.61719433,Clear,0
10-01-2025 02:00,1,180,12.38770769,1.114630141,193.8628838,Clear,0
10-01-2025 03:00,1,573,39.29252021,5.487521593,184.2895793,Clear,0
10-01-2025 04:00,1,379,70.60322208,26.5437327,26.47399025,Storm,0
10-01-2025 05:00,1,388,74.56136421,40.52149625,135.1688397,Clear,0
10-01-2025 06:00,1,759,98.15479602,45.26482682,132.8663346,Clear,0
10-01-2025 07:00,1,538,94.68563727,2.931913757,144.0592828,Snow,0
10-01-2025 08:00,1,968,57.80162524,24.18729579,69.44242274,Clear,0
10-01-2025 09:00,1,568,33.2481557,46.29541357,194.5010666,Snow,0
10-01-2025 10:00,1,643,75.78113207,3.689248118,96.47730016,Clear,0
10-01-2025 11:00,1,664,8.515725298,30.21722405,53.70167908,Clear,0
10-01-2025 12:00,1,147,89.07484387,26.9829915,93.79611073,Clear,0
10-01-2025 13:00,1,88,34.95258209,27.43507333,160.2374013,Clear,0
10-01-2025 14:00,1,771,54.41597044,21.91403578,176.5664218,Clear,0
10-01-2025 15:00,1,788,87.65939302,2.042201132,176.1933178,Clear,0
10-01-2025 16:00,1,465,93.5960414,4.431455582,11.80223239,Clear,0
10-01-2025 17:00,1,526,8.571693455,24.50928502,120.3438694,Clear,0
10-01-2025 18:00,1,426,77.98597432,21.47057233,90.05783043,Rain,0
10-01-2025 19:00,1,738,15.49504075,18.37648572,64.57540841,Clear,0
10-01-2025 20:00,1,342,8.998853015,1.875822802,197.667254,Clear,0
10-01-2025 21:00,1,866,42.20486335,7.097440308,191.7189825,Rain,1
10-01-2025 22:00,1,988,60.91265175,49.13419524,177.9978058,Clear,1
10-01-2025 23:00,1,111,63.27408198,9.184663359,198.322039,Clear,0
11-01-2025 00:00,1,709,84.59344485,12.29789059,167.8220784,Clear,0
11-01-2025 01:00,1,156,21.77016304,11.80382424,45.42326981,Rain,0
11-01-2025 02:00,1,823,81.07312028,31.85911823,51.10156438,Clear,0
11-01-2025 03:00,1,69,99.51624315,9.520867212,85.28598359,Rain,0
11-01-2025 04:00,1,111,99.6518987,44.97437125,98.04234216,Clear,0
11-01-2025 05:00,1,942,56.01257017,30.05405681,120.2163795,Clear,0
11-01-2025 06:00,1,666,42.16112778,14.37500937,100.5685974,Clear,0
11-01-2025 07:00,1,787,86.90212364,40.66628766,134.4959763,Clear,0
11-01-2025 08:00,1,275,43.80305524,19.26173733,59.35321891,Rain,0
11-01-2025 09:00,1,651,55.59723934,48.14397666,30.79908341,Snow,0
11-01-2025 10:00,1,642,10.84411749,44.26240719,108.0550139,Snow,0
11-01-2025 11:00,1,372,38.04187475,34.22279148,117.4890732,Clear,0
11-01-2025 12:00,1,311,54.51972966,43.5398794,56.60425113,Clear,0
11-01-2025 13:00,1,865,72.29448279,42.01365309,142.5195777,Clear,0
11-01-2025 14:00,1,240,71.40412011,10.27185545,177.5110552,Storm,0
11-01-2025 15:00,1,810,7.778491888,41.46502078,34.48527482,Clear,0
11-01-2025 16:00,1,719,91.32662438,1.054885463,115.6745297,Rain,0
11-01-2025 17:00,1,573,5.606657813,15.06486853,127.2161145,Storm,0
11-01-2025 18:00,1,66,16.00516639,19.45807274,11.72375688,Rain,0
11-01-2025 19:00,1,375,31.91758009,1.902958218,92.12574894,Rain,0
11-01-2025 20:00,1,461,65.09907985,46.66937717,29.47684832,Snow,0
11-01-2025 21:00,1,913,78.23114031,47.41759652,41.61174152,Rain,0
11-01-2025 22:00,1,450,60.30619372,17.94826979,127.9739484,Clear,0
11-01-2025 23:00,1,355,99.06409541,34.1265606,94.73207833,Clear,0
12-01-2025 00:00,1,997,77.03500361,2.204758906,14.20347479,Clear,0
12-01-2025 01:00,1,128,82.78463612,13.37292873,10.19560117,Clear,0
12-01-2025 02:00,1,787,99.72682751,21.88288381,95.76353462,Clear,0
12-01-2025 03:00,1,936,83.46247275,15.62034712,169.5899613,Rain,1
12-01-2025 04:00,1,133,67.17856536,14.38971682,190.6640768,Clear,0
12-01-2025 05:00,1,653,74.47065636,45.56670104,172.8984175,Storm,0
12-01-2025 06:00,1,708,31.05044422,49.21490475,87.7734612,Snow,0
12-01-2025 07:00,1,576,75.85451614,10.81759803,174.9433346,Rain,0
12-01-2025 08:00,1,835,87.11403373,24.18728543,193.9567513,Clear,1
12-01-2025 09:00,1,706,13.66062659,8.52924387,96.20179058,Clear,0
12-01-2025 10:00,1,248,64.49093055,7.430999006,16.1799741,Snow,0
12-01-2025 11:00,1,948,22.61859309,23.64276725,10.23404868,Clear,0
12-01-2025 12:00,1,943,70.12870229,22.08498885,48.09969807,Clear,0
12-01-2025 13:00,1,880,66.89434935,16.97034773,122.1501484,Clear,0
12-01-2025 14:00,1,113,48.24591416,1.569406455,23.76490868,Clear,0
12-01-2025 15:00,1,415,97.59648593,36.37249377,134.8269329,Rain,0
12-01-2025 16:00,1,151,91.24277203,36.4899801,152.3407114,Clear,0
12-01-2025 17:00,1,637,98.73294636,7.982281602,104.7887492,Clear,0
12-01-2025 18:00,1,709,37.87157393,39.01443205,188.8351258,Clear,0
12-01-2025 19:00,1,274,13.34731742,18.18071963,16.30859067,Clear,0
12-01-2025 20:00,1,967,35.59899671,48.89585293,48.16322707,Clear,0
12-01-2025 21:00,1,192,24.0142732,9.206646531,29.86788966,Clear,0
12-01-2025 22:00,1,684,8.000683758,46.87440007,19.87454389,Clear,0
12-01-2025 23:00,1,419,93.84417245,47.42017267,128.8078854,Rain,0
13-01-2025 00:00,1,160,82.40838581,4.925627473,180.0151647,Clear,0
13-01-2025 01:00,1,363,79.46409257,24.56428774,17.74328016,Clear,0
13-01-2025 02:00,1,63,12.75484829,3.957252116,56.94961446,Clear,0
13-01-2025 03:00,1,350,63.49549208,17.12185445,99.33469261,Rain,0
13-01-2025 04:00,1,782,80.02135818,33.276681,104.6571861,Clear,0
13-01-2025 05:00,1,963,67.05998683,17.28341664,113.0709408,Clear,0
13-01-2025 06:00,1,973,23.95653284,34.33118388,23.71769771,Clear,0
13-01-2025 07:00,1,402,84.8429786,9.535473492,192.5483048,Clear,0
13-01-2025 08:00,1,73,45.42186677,17.95081463,80.49736497,Storm,0
13-01-2025 09:00,1,201,56.61354972,26.18579752,121.7310918,Clear,0
13-01-2025 10:00,1,915,51.23354944,43.79773867,181.1333542,Clear,1
13-01-2025 11:00,1,987,99.25266505,14.9088719,78.23869564,Clear,0
13-01-2025 12:00,1,579,64.99822091,36.9225381,34.99786017,Rain,0
13-01-2025 13:00,1,801,62.17626145,31.99448613,80.84124107,Clear,0
13-01-2025 14:00,1,342,86.16658387,25.12161497,56.97390414,Snow,0
13-01-2025 15:00,1,672,61.32724798,29.39133007,135.898043,Clear,0
13-01-2025 16:00,1,194,42.15274598,48.50120379,59.04535221,Clear,0
13-01-2025 17:00,1,498,78.47994694,7.412809375,194.2659986,Clear,0
13-01-2025 18:00,1,444,88.95241862,22.65919432,72.86897897,Clear,0
13-01-2025 19:00,1,893,83.74391976,22.11348866,57.25571179,Clear,0
13-01-2025 20:00,1,562,28.9901393,18.60328665,82.07813209,Clear,0
13-01-2025 21:00,1,736,68.06143012,24.25691291,170.3923853,Rain,0
13-01-2025 22:00,1,205,87.10053688,28.34887223,112.5821095,Clear,0
13-01-2025 23:00,1,383,10.42325133,27.02730687,187.9550815,Clear,0
14-01-2025 00:00,1,168,26.34661181,9.820511436,26.825561,Clear,0
14-01-2025 01:00,1,740,8.94942161,8.268816847,197.4597234,Storm,0
14-01-2025 02:00,1,860,6.651080068,16.8334022,194.8885721,Clear,1
14-01-2025 03:00,1,233,53.98162272,24.95348243,136.7042089,Clear,0
14-01-2025 04:00,1,433,17.60789211,8.03357574,188.5657605,Rain,0
14-01-2025 05:00,1,57,97.14164438,5.601135074,137.7944025,Clear,0
14-01-2025 06:00,1,566,96.51794912,13.51001971,135.7101466,Storm,0
14-01-2025 07:00,1,476,69.90856269,25.36156344,127.3909756,Snow,0
14-01-2025 08:00,1,793,78.00933963,6.542381135,161.1469706,Snow,0
14-01-2025 09:00,1,50,25.48913948,33.28538804,84.83423707,Clear,0
14-01-2025 10:00,1,651,38.11449839,8.805084817,124.9412453,Clear,0
14-01-2025 11:00,1,210,43.65625627,43.66691907,158.653242,Clear,0
14-01-2025 12:00,1,538,15.36541502,32.87507074,155.3862643,Snow,0
14-01-2025 13:00,1,68,81.74536448,38.3519716,161.5845933,Clear,0
14-01-2025 14:00,1,380,40.68886393,15.54659445,133.3241852,Clear,0
14-01-2025 15:00,1,114,39.81384581,20.41246189,142.1387693,Clear,0
14-01-2025 16:00,1,522,61.66612012,27.73865754,94.43969602,Clear,0
14-01-2025 17:00,1,316,62.32761637,33.74242713,127.7031657,Clear,0
14-01-2025 18:00,1,52,56.52454817,47.62244942,170.9617987,Snow,0
14-01-2025 19:00,1,270,37.41854362,19.62958532,85.77632837,Clear,0
14-01-2025 20:00,1,349,50.28607013,20.32390087,114.3887053,Rain,0
14-01-2025 21:00,1,413,95.77475112,1.893396551,47.19781728,Clear,0
14-01-2025 22:00,1,864,11.77162566,47.77834147,134.3916855,Clear,0
14-01-2025 23:00,1,373,93.77142255,18.22951167,29.26995741,Clear,0
15-01-2025 00:00,1,422,32.06292569,16.05720828,162.5749206,Clear,0
15-01-2025 01:00,1,193,13.51450222,36.16415351,85.98198929,Storm,0
15-01-2025 02:00,1,139,16.57917887,9.876318127,139.4123923,Clear,0
15-01-2025 03:00,1,958,22.53558731,15.46863617,160.747379,Clear,1
15-01-2025 04:00,1,85,45.33010539,5.264909167,164.9922423,Clear,0
15-01-2025 05:00,1,734,65.14938068,47.61876377,124.3062458,Rain,0
15-01-2025 06:00,1,775,61.38616407,39.89344867,132.8551236,Clear,0
15-01-2025 07:00,1,682,84.78682377,45.10113305,77.15006207,Clear,0
15-01-2025 08:00,1,342,33.69574767,36.86594531,171.7231096,Clear,0
15-01-2025 09:00,1,906,14.07585481,31.56910691,95.83585896,Clear,0
15-01-2025 10:00,1,736,27.34738056,43.59372161,99.84947347,Clear,0
15-01-2025 11:00,1,711,7.245665674,32.45660352,125.3478669,Clear,0
15-01-2025 12:00,1,699,29.40396553,31.96875882,21.10637668,Clear,0
15-01-2025 13:00,1,369,17.96177649,35.06208315,86.82056594,Clear,0
15-01-2025 14:00,1,216,73.82910088,1.775233497,74.80710465,Rain,0
15-01-2025 15:00,1,629,73.81218763,29.34095893,62.09052665,Clear,0
15-01-2025 16:00,1,793,66.30253456,30.19178568,86.22570367,Clear,0
15-01-2025 17:00,1,119,38.72464905,4.401768295,108.6213603,Clear,0
15-01-2025 18:00,1,566,11.64350254,32.36824297,61.51801294,Clear,0
15-01-2025 19:00,1,116,55.63098972,16.8923539,73.27036348,Clear,0
15-01-2025 20:00,1,776,40.95526023,18.78426932,199.1412932,Clear,0
15-01-2025 21:00,1,165,10.71352255,28.55254398,191.9488041,Clear,0
15-01-2025 22:00,1,336,76.70959289,9.353418971,87.80079207,Clear,0
15-01-2025 23:00,1,104,76.83551625,18.03100469,136.3332277,Rain,0
16-01-2025 00:00,1,705,41.33999662,6.871621099,195.0912794,Clear,0
16-01-2025 01:00,1,921,78.01698145,12.93917909,137.5961043,Clear,0
16-01-2025 02:00,1,455,13.46682105,38.0082506,34.26556189,Rain,0
16-01-2025 03:00,1,599,20.13388196,4.092342621,32.35331541,Clear,0
16-01-2025 04:00,1,798,39.21295871,5.294494591,188.0219864,Clear,0
16-01-2025 05:00,1,892,83.40218028,14.70547339,189.0535336,Snow,1
16-01-2025 06:00,1,311,92.34223746,25.35121066,198.5100228,Snow,0
16-01-2025 07:00,1,539,52.60953492,20.46176009,112.5491976,Clear,0
16-01-2025 08:00,1,207,88.40756044,43.53477782,163.125826,Rain,0
16-01-2025 09:00,1,997,82.77982539,16.80387091,14.34982675,Clear,0
16-01-2025 10:00,1,980,37.87947402,48.80489984,131.7846947,Rain,0
16-01-2025 11:00,1,842,50.53867181,16.37265687,125.2104794,Clear,0
16-01-2025 12:00,1,385,77.65693109,9.567092736,105.4875545,Clear,0
16-01-2025 13:00,1,74,68.29915415,6.966333645,100.8644644,Clear,0
16-01-2025 14:00,1,128,96.4959356,27.92694726,193.5062106,Clear,0
16-01-2025 15:00,1,702,93.96267152,43.92915444,62.77299851,Snow,0
16-01-2025 16:00,1,721,25.52362734,31.35980979,133.5382076,Clear,0
16-01-2025 17:00,1,566,79.17235068,23.53022076,21.05112115,Storm,0
16-01-2025 18:00,1,302,63.85228638,15.57039736,91.76406373,Clear,0
16-01-2025 19:00,1,198,16.53156925,15.86048223,29.19870409,Clear,0
16-01-2025 20:00,1,813,63.71490906,32.02629167,53.48997492,Clear,0
16-01-2025 21:00,1,429,34.09409397,31.57089598,110.1378781,Clear,0
16-01-2025 22:00,1,112,80.24889521,20.83512303,134.2744011,Clear,0
16-01-2025 23:00,1,204,44.34232649,41.54935688,149.3867323,Rain,0
17-01-2025 00:00,1,559,28.61512448,7.556383078,89.53031811,Rain,0
17-01-2025 01:00,1,710,77.2275332,7.718375581,111.708925,Clear,0
17-01-2025 02:00,1,262,84.25881977,31.83564149,47.78269278,Clear,0
17-01-2025 03:00,1,721,51.34613417,6.377073735,114.1123029,Clear,0
17-01-2025 04:00,1,357,30.27183141,8.31265112,34.16795491,Snow,0
17-01-2025 05:00,1,673,75.04892235,24.32488834,81.41877418,Clear,0
17-01-2025 06:00,1,471,42.27740355,47.85488734,35.29755079,Clear,0
17-01-2025 07:00,1,169,34.9636551,34.7186006,93.14459357,Clear,0
17-01-2025 08:00,1,59,93.38029406,13.39986321,158.4223805,Rain,0
17-01-2025 09:00,1,808,67.63862261,44.86076929,130.9672396,Clear,0
17-01-2025 10:00,1,904,54.24876208,8.35828104,150.1124161,Clear,1
17-01-2025 11:00,1,150,9.543927937,2.863070564,151.7793789,Clear,0
17-01-2025 12:00,1,484,11.76938914,1.593315287,191.7352657,Rain,0
17-01-2025 13:00,1,875,48.88495898,49.58783203,194.442492,Snow,1
17-01-2025 14:00,1,548,22.59357895,9.531357431,28.69517345,Clear,0
17-01-2025 15:00,1,401,11.52771909,21.79054741,25.69735606,Clear,0
17-01-2025 16:00,1,386,33.06725386,38.69193424,128.6860781,Clear,0
17-01-2025 17:00,1,995,5.990631443,13.51526075,59.53552698,Clear,0
17-01-2025 18:00,1,266,55.37870266,3.055609948,194.0128677,Rain,0
17-01-2025 19:00,1,701,50.06193044,6.583875101,102.3429456,Snow,0
17-01-2025 20:00,1,961,82.11812987,33.16745176,34.33819181,Clear,0
17-01-2025 21:00,1,985,61.86049969,5.655573251,81.43864909,Clear,0
17-01-2025 22:00,1,675,94.59220459,12.79394288,33.0852615,Clear,0
17-01-2025 23:00,1,735,6.207914549,49.62835462,137.5764376,Clear,0
18-01-2025 00:00,1,88,85.41886218,46.02740015,57.92579383,Rain,0
18-01-2025 01:00,1,710,97.94774149,37.66140339,115.9845128,Clear,0
18-01-2025 02:00,1,785,21.8557331,27.70631903,197.0872505,Snow,0
18-01-2025 03:00,1,846,74.15498179,6.289242018,140.2066231,Clear,0
18-01-2025 04:00,1,611,25.2835798,25.78678195,169.7335753,Rain,0
18-01-2025 05:00,1,732,77.02757605,37.42776552,126.268696,Clear,0
18-01-2025 06:00,1,72,70.44410369,43.79282288,130.8953573,Rain,0
18-01-2025 07:00,1,160,20.28057653,28.34407393,164.2329212,Rain,0
18-01-2025 08:00,1,564,99.22194538,5.85972688,86.28392001,Rain,0
18-01-2025 09:00,1,540,34.53824835,37.37505448,164.8724931,Clear,0
18-01-2025 10:00,1,115,38.76153403,39.40579744,115.3030377,Clear,0
18-01-2025 11:00,1,651,84.79657813,41.801343,12.09600671,Rain,0
18-01-2025 12:00,1,486,39.95437137,17.0196492,38.28872956,Clear,0
18-01-2025 13:00,1,873,52.69477028,7.110988789,83.22141778,Clear,0
18-01-2025 14:00,1,955,89.18859914,30.05917238,84.38988265,Clear,0
18-01-2025 15:00,1,920,5.305735042,31.35987754,77.54367198,Rain,0
18-01-2025 16:00,1,69,43.22107685,43.83886106,106.9208454,Rain,0
18-01-2025 17:00,1,790,60.09845981,28.51274481,116.5254179,Clear,0
18-01-2025 18:00,1,211,61.94005174,30.50513656,14.35723414,Clear,0
18-01-2025 19:00,1,368,12.32053652,3.868995533,73.50528055,Rain,0
18-01-2025 20:00,1,166,79.91842164,26.34618377,93.63780961,Clear,0
18-01-2025 21:00,1,232,74.87303262,12.55702236,80.57018036,Clear,0
18-01-2025 22:00,1,525,74.88799585,49.91902806,187.291533,Clear,0
18-01-2025 23:00,1,450,65.56756012,25.31215282,43.86796871,Clear,0
19-01-2025 00:00,1,608,84.78121714,19.80781464,118.6557315,Clear,0
19-01-2025 01:00,1,554,58.72724667,49.00268904,41.40588108,Rain,0
19-01-2025 02:00,1,911,84.01121915,14.38046969,108.4349656,Clear,0
19-01-2025 03:00,1,806,10.33292982,42.78367297,52.85285269,Clear,0
19-01-2025 04:00,1,881,22.6796347,40.32952218,97.05550848,Clear,0
19-01-2025 05:00,1,631,64.96121137,3.442259361,181.7435327,Snow,0
19-01-2025 06:00,1,841,74.30328172,38.51013205,40.19255186,Clear,0
19-01-2025 07:00,1,237,42.88942282,46.20852985,99.6914825,Clear,0
19-01-2025 08:00,1,457,10.42019851,14.82716666,59.72407991,Clear,0
19-01-2025 09:00,1,269,79.77702725,48.76689799,80.52934784,Clear,0
19-01-2025 10:00,1,778,78.78750291,4.202941721,102.6385268,Clear,0
19-01-2025 11:00,1,645,63.87144682,28.53764953,75.72488503,Clear,0
19-01-2025 12:00,1,568,13.21033802,12.60243116,149.165259,Clear,0
19-01-2025 13:00,1,521,58.21597743,46.90430064,19.92899706,Clear,0
19-01-2025 14:00,1,945,64.32041741,25.22957543,196.1146597,Clear,1
19-01-2025 15:00,1,648,23.81927511,28.70118247,98.14717247,Storm,0
19-01-2025 16:00,1,433,96.89883689,9.967756768,14.18668046,Rain,0
19-01-2025 17:00,1,944,28.84183283,42.68018683,116.6323298,Clear,0
19-01-2025 18:00,1,622,26.60390211,20.79491594,113.0837026,Rain,0
19-01-2025 19:00,1,226,56.63613065,5.004541942,97.07712189,Clear,0
19-01-2025 20:00,1,902,18.39116461,33.54520781,51.05718611,Clear,0
19-01-2025 21:00,1,193,44.11772645,32.89769989,113.6320552,Clear,0
19-01-2025 22:00,1,985,15.63391307,18.44269532,195.8317454,Rain,1
19-01-2025 23:00,1,610,24.1295593,13.67242091,41.29420715,Clear,0
20-01-2025 00:00,1,927,76.64022963,1.87933825,33.98821873,Clear,0
20-01-2025 01:00,1,677,87.70495038,12.70101436,95.73547539,Storm,0
20-01-2025 02:00,1,75,58.00817018,28.07316712,27.88886292,Clear,0
20-01-2025 03:00,1,93,56.17667081,25.39281289,30.04000299,Clear,0
20-01-2025 04:00,1,650,42.7512321,5.576990627,93.80371007,Clear,0
20-01-2025 05:00,1,317,54.71631496,15.06975995,160.6423396,Clear,0
20-01-2025 06:00,1,646,34.67316468,32.49105823,47.20975439,Snow,0
20-01-2025 07:00,1,259,20.00570817,35.09905679,160.7196566,Clear,0
20-01-2025 08:00,1,436,39.49456998,44.96213071,42.08229927,Clear,0
20-01-2025 09:00,1,269,24.1914885,10.02701712,179.8580449,Clear,0
20-01-2025 10:00,1,668,34.75038951,40.13107035,193.8736166,Snow,0
20-01-2025 11:00,1,698,81.34233587,25.75513191,193.7540569,Clear,0
20-01-2025 12:00,1,936,16.63122034,36.53409185,71.37212769,Storm,0
20-01-2025 13:00,1,555,45.61152035,8.949436883,12.3954288,Clear,0
20-01-2025 14:00,1,402,7.789595115,41.32496386,49.85306006,Clear,0
20-01-2025 15:00,1,276,22.80413469,43.0506756,165.6220676,Clear,0
20-01-2025 16:00,1,260,77.16032896,49.41521277,181.246242,Clear,0
20-01-2025 17:00,1,506,38.99083521,25.21640992,167.367358,Clear,0
20-01-2025 18:00,1,326,15.7296048,5.271793924,146.624715,Clear,0
20-01-2025 19:00,1,595,38.0544341,23.06719797,152.277004,Clear,0
20-01-2025 20:00,1,225,59.83872442,37.16538704,163.1772174,Rain,0
20-01-2025 21:00,1,908,65.24350314,7.186972337,138.4737368,Clear,0
20-01-2025 22:00,1,985,5.362627742,34.40180464,41.75508218,Clear,0
20-01-2025 23:00,1,50,84.5189069,14.68452833,132.1475629,Clear,0
21-01-2025 00:00,1,970,25.47533754,18.65851318,23.01602726,Rain,0
21-01-2025 01:00,1,998,67.0504651,46.9769361,175.5288516,Rain,1
21-01-2025 02:00,1,916,10.61391956,45.04352202,133.646024,Snow,0
21-01-2025 03:00,1,268,58.24185994,6.438483991,94.94055332,Clear,0
21-01-2025 04:00,1,661,41.25313429,7.313586888,88.42461456,Rain,0
21-01-2025 05:00,1,556,45.14210069,3.059209083,150.5817829,Snow,0
21-01-2025 06:00,1,776,17.10812615,35.67672799,194.8275013,Rain,0
21-01-2025 07:00,1,324,81.4661438,1.882321224,192.9339678,Rain,0
21-01-2025 08:00,1,812,64.68262049,27.10111845,130.6669301,Clear,0
21-01-2025 09:00,1,169,71.85016786,27.49422536,28.34154934,Clear,0
21-01-2025 10:00,1,369,58.88122409,14.9075939,166.6616135,Clear,0
21-01-2025 11:00,1,383,75.60335388,3.358998963,181.5500491,Snow,0
21-01-2025 12:00,1,922,36.38876037,17.67988632,197.9153881,Clear,1
21-01-2025 13:00,1,65,27.75346614,39.93433566,16.58735068,Clear,0
21-01-2025 14:00,1,625,79.97028043,29.09411794,135.1767633,Clear,0
21-01-2025 15:00,1,918,61.90295828,6.631716856,27.83288412,Snow,0
21-01-2025 16:00,1,373,87.5123931,4.169657782,191.6066519,Clear,0
21-01-2025 17:00,1,392,45.89060398,16.5303828,92.57323256,Rain,0
21-01-2025 18:00,1,922,37.37749148,9.076409092,42.4105632,Snow,0
21-01-2025 19:00,1,599,61.21123042,35.42905488,55.11235899,Clear,0
21-01-2025 20:00,1,589,27.24752245,39.55076642,194.4455792,Clear,0
21-01-2025 21:00,1,211,49.92522762,49.20817533,61.10219971,Clear,0
21-01-2025 22:00,1,263,29.16720018,18.73080157,99.77373745,Clear,0
21-01-2025 23:00,1,697,27.69138274,24.01244696,95.58840731,Clear,0
22-01-2025 00:00,1,916,23.62928271,30.92822348,63.32981095,Clear,0
22-01-2025 01:00,1,702,56.01571139,42.85266388,19.40440216,Rain,0
22-01-2025 02:00,1,453,15.26244664,17.60417182,162.4912791,Clear,0
22-01-2025 03:00,1,367,42.69570047,3.175000836,62.78619383,Rain,0
22-01-2025 04:00,1,866,63.62131903,6.57808128,75.59239713,Clear,0
22-01-2025 05:00,1,90,7.818481191,34.09559017,18.52217792,Clear,0
22-01-2025 06:00,1,176,31.09949492,20.3342277,90.14735392,Clear,0
22-01-2025 07:00,1,505,68.73958545,13.65048946,138.1754921,Clear,0
22-01-2025 08:00,1,651,95.73074859,41.23871584,10.29736999,Clear,0
22-01-2025 09:00,1,392,73.16935185,41.64979029,17.70616013,Snow,0
22-01-2025 10:00,1,707,15.87632562,19.80810527,96.6849367,Clear,0
22-01-2025 11:00,1,708,61.65054429,27.92959918,181.0610409,Clear,0
22-01-2025 12:00,1,804,38.70327272,47.14455987,137.0288029,Clear,0
22-01-2025 13:00,1,499,89.36371111,30.33592771,105.4091859,Clear,0
22-01-2025 14:00,1,762,63.19447949,43.81123108,147.5548805,Clear,0
22-01-2025 15:00,1,563,55.34919468,41.62186889,198.3400131,Rain,0
22-01-2025 16:00,1,986,45.09325471,15.45699468,102.3400938,Clear,0
22-01-2025 17:00,1,406,16.68531304,28.37347743,75.2017971,Rain,0
22-01-2025 18:00,1,554,11.4015327,19.9822367,171.849835,Clear,0
22-01-2025 19:00,1,478,31.16121155,16.00936144,159.9071804,Clear,0
22-01-2025 20:00,1,915,41.50276391,23.0560447,120.0606072,Rain,0
22-01-2025 21:00,1,72,35.29234774,29.52773858,80.52276045,Clear,0
22-01-2025 22:00,1,661,42.33255141,26.76481734,107.2194635,Clear,0
22-01-2025 23:00,1,56,18.54644369,44.61475472,75.71671754,Clear,0
23-01-2025 00:00,1,718,54.13774126,19.56660362,11.27497416,Clear,0
23-01-2025 01:00,1,524,43.91474502,16.24965726,138.6529215,Clear,0
23-01-2025 02:00,1,979,84.96371937,29.43085442,116.3408045,Clear,0
23-01-2025 03:00,1,674,18.35253192,24.79389528,15.23197678,Clear,0
23-01-2025 04:00,1,124,17.89995947,5.865807935,49.68417343,Snow,0
23-01-2025 05:00,1,283,42.56625546,16.34710679,37.94175161,Clear,0
23-01-2025 06:00,1,987,90.50790239,6.69080905,191.6245775,Clear,1
23-01-2025 07:00,1,136,47.19213275,49.74804068,113.622413,Clear,0
23-01-2025 08:00,1,108,96.30787111,20.08461285,83.2472619,Clear,0
23-01-2025 09:00,1,117,98.11035428,24.41604395,111.1289309,Clear,0
23-01-2025 10:00,1,870,84.19674638,22.58162617,67.44331738,Clear,0
23-01-2025 11:00,1,612,21.8312379,25.86487194,138.7035911,Clear,0
23-01-2025 12:00,1,188,57.98233849,18.01657491,120.2888442,Clear,0
23-01-2025 13:00,1,532,19.29954171,41.02108958,49.38871061,Rain,0
23-01-2025 14:00,1,148,88.6299024,31.54689195,118.1816986,Clear,0
23-01-2025 15:00,1,214,74.42771273,8.251223221,171.9859786,Rain,0
23-01-2025 16:00,1,935,26.63622493,48.23741351,182.7963761,Rain,1
23-01-2025 17:00,1,734,48.55431033,2.861096601,151.7134073,Clear,0
23-01-2025 18:00,1,566,80.45001294,14.51261084,176.6472104,Snow,0
23-01-2025 19:00,1,578,95.16565359,26.13221839,27.79775993,Rain,0
23-01-2025 20:00,1,631,60.9294946,19.39116549,64.29887555,Clear,0
23-01-2025 21:00,1,265,46.9162528,30.68200985,184.559595,Clear,0
23-01-2025 22:00,1,514,87.22982883,49.05622784,87.44099963,Rain,0
23-01-2025 23:00,1,800,59.48525039,47.84631004,48.09015795,Clear,0
24-01-2025 00:00,1,165,5.300945615,32.36971727,66.70263335,Clear,0
24-01-2025 01:00,1,624,88.92915248,22.96763371,106.9821729,Clear,0
24-01-2025 02:00,1,336,74.73282745,38.36722334,186.5589056,Clear,0
24-01-2025 03:00,1,884,70.790581,7.587321341,66.88516179,Clear,0
24-01-2025 04:00,1,243,36.67369561,36.9195083,110.4298408,Rain,0
24-01-2025 05:00,1,212,99.79298129,34.16424364,167.4091669,Clear,0
24-01-2025 06:00,1,696,9.195383937,17.74733783,130.2522028,Clear,0
24-01-2025 07:00,1,190,76.57565261,38.67721632,135.122698,Rain,0
24-01-2025 08:00,1,725,71.50325591,6.115802358,85.82903573,Rain,0
24-01-2025 09:00,1,433,70.30360459,2.200423965,68.16609477,Clear,0
24-01-2025 10:00,1,959,81.78234495,47.43671327,23.7401303,Storm,0
24-01-2025 11:00,1,172,87.54970397,34.40568356,31.45701211,Rain,0
24-01-2025 12:00,1,429,72.17321534,3.461074562,23.85134872,Clear,0
24-01-2025 13:00,1,160,25.05568476,43.30663758,86.2481446,Clear,0
24-01-2025 14:00,1,681,43.48475598,45.3994391,71.08418324,Clear,0
24-01-2025 15:00,1,370,57.1531427,11.74442413,16.39714386,Clear,0
24-01-2025 16:00,1,836,66.54265737,7.023113245,178.8452253,Clear,1
24-01-2025 17:00,1,495,48.12495057,41.25016759,115.3848961,Clear,0
24-01-2025 18:00,1,931,27.98350963,35.98367899,166.2816109,Rain,1
24-01-2025 19:00,1,71,58.51244844,6.877730958,184.1904212,Rain,0
24-01-2025 20:00,1,61,52.18606517,14.92943055,35.42738897,Clear,0
24-01-2025 21:00,1,124,30.7969695,20.71988523,29.52216797,Clear,0
24-01-2025 22:00,1,910,9.45093131,14.53230833,144.3255326,Clear,0
24-01-2025 23:00,1,867,49.36196,17.67816657,188.6852161,Clear,1
25-01-2025 00:00,1,717,14.67977687,18.65146202,61.37472441,Rain,0
25-01-2025 01:00,1,477,59.32187054,45.45279126,189.1669252,Clear,0
25-01-2025 02:00,1,247,40.84521513,48.23984241,26.96500966,Clear,0
25-01-2025 03:00,1,267,58.63975984,46.57837731,170.4072535,Clear,0
25-01-2025 04:00,1,224,20.86054343,35.93925648,136.6132286,Storm,0
25-01-2025 05:00,1,925,17.31206186,34.12930334,189.356638,Clear,1
25-01-2025 06:00,1,901,79.27326702,32.56331185,19.15534235,Clear,0
25-01-2025 07:00,1,353,41.58641139,43.4251881,100.4338689,Clear,0
25-01-2025 08:00,1,817,40.02718123,19.12084954,19.94745384,Rain,0
25-01-2025 09:00,1,259,57.44658964,21.37407753,146.7342252,Clear,0
25-01-2025 10:00,1,215,49.8667714,44.12768016,50.99072904,Clear,0
25-01-2025 11:00,1,222,8.414174118,20.34198334,186.8533865,Clear,0
25-01-2025 12:00,1,52,34.98459766,32.5967976,85.07487245,Rain,0
25-01-2025 13:00,1,487,60.02164926,5.181725488,18.17132085,Clear,0
25-01-2025 14:00,1,98,15.59366017,26.27723323,60.84260858,Rain,0
25-01-2025 15:00,1,607,27.97944394,45.64236644,169.2704183,Rain,0
25-01-2025 16:00,1,447,44.29605412,25.15036464,86.81505198,Clear,0
25-01-2025 17:00,1,231,30.33414368,36.51796847,176.7529337,Clear,0
25-01-2025 18:00,1,907,69.36651541,16.28132904,157.0583618,Rain,1
25-01-2025 19:00,1,153,17.49423536,42.99934843,119.3175266,Clear,0
25-01-2025 20:00,1,224,81.67977605,6.890154227,60.46073826,Clear,0
25-01-2025 21:00,1,550,37.47135202,37.21230133,52.42004325,Clear,0
25-01-2025 22:00,1,61,5.128594443,15.69022585,132.8271609,Storm,0
25-01-2025 23:00,1,672,69.18010874,27.80119932,167.6549929,Clear,0
26-01-2025 00:00,1,553,48.50959711,20.50225935,67.55398848,Clear,0
26-01-2025 01:00,1,538,94.05095163,30.56129848,99.94616748,Clear,0
26-01-2025 02:00,1,989,10.4952227,47.93170025,189.1176206,Rain,1
26-01-2025 03:00,1,657,66.84094684,32.58496756,116.6457732,Rain,0
26-01-2025 04:00,1,578,26.41122046,10.59582112,36.75256029,Clear,0
26-01-2025 05:00,1,443,34.93896872,14.53562892,196.5141315,Clear,0
26-01-2025 06:00,1,117,41.87574208,34.03238448,59.38194606,Clear,0
26-01-2025 07:00,1,613,37.0473134,36.52407733,112.3744717,Clear,0
26-01-2025 08:00,1,735,10.90930649,8.21784917,11.48990225,Clear,0
26-01-2025 09:00,1,508,9.233563228,21.36646715,67.36417301,Rain,0
26-01-2025 10:00,1,785,52.55733926,34.3013963,24.48545141,Clear,0
26-01-2025 11:00,1,647,77.28116273,27.79612241,44.25850773,Clear,0
26-01-2025 12:00,1,52,20.74622908,22.8315403,49.74523843,Clear,0
26-01-2025 13:00,1,210,18.01491099,49.7540871,110.1742055,Clear,0
26-01-2025 14:00,1,541,96.25956267,10.64935952,190.771664,Storm,0
26-01-2025 15:00,1,881,95.53690201,26.60444612,51.6323211,Clear,0
26-01-2025 16:00,1,323,61.38828886,4.580996539,128.2452203,Storm,0
26-01-2025 17:00,1,309,83.79220456,36.87400774,77.45780073,Clear,0
26-01-2025 18:00,1,860,54.53866568,48.88808749,153.8889394,Clear,1
26-01-2025 19:00,1,57,78.44345896,16.18999692,54.08756749,Clear,0
26-01-2025 20:00,1,642,20.45647566,28.68918031,156.6091131,Clear,0
26-01-2025 21:00,1,186,84.36374393,39.43662204,81.62725297,Clear,0
26-01-2025 22:00,1,304,65.26455044,11.88171766,71.11729804,Rain,0
26-01-2025 23:00,1,505,81.78616676,13.43723283,56.70341347,Clear,0
27-01-2025 00:00,1,925,67.93123111,6.806628556,64.88813839,Clear,0
27-01-2025 01:00,1,716,95.71046434,25.23908429,107.4168471,Clear,0
27-01-2025 02:00,1,884,42.28352769,37.95898369,184.5010221,Storm,1
27-01-2025 03:00,1,652,31.17705423,31.47993856,198.564035,Clear,0
27-01-2025 04:00,1,742,39.06495384,33.17492261,55.67579345,Clear,0
27-01-2025 05:00,1,926,97.56536267,2.348440072,169.5650708,Rain,1
27-01-2025 06:00,1,950,8.421787738,9.585866833,174.6863674,Clear,1
27-01-2025 07:00,1,782,45.98116163,36.23883495,117.031682,Clear,0
27-01-2025 08:00,1,637,77.08374411,14.84230723,77.0795744,Snow,0
27-01-2025 09:00,1,376,85.35570729,20.64614636,154.9905891,Rain,0
27-01-2025 10:00,1,133,52.26628595,11.02932534,122.3147576,Clear,0
27-01-2025 11:00,1,196,61.41123568,2.607671582,130.8480691,Clear,0
27-01-2025 12:00,1,939,94.37452945,25.83910146,87.78829365,Rain,0
27-01-2025 13:00,1,89,9.525919456,36.61071198,157.0421821,Clear,0
27-01-2025 14:00,1,53,19.40153211,43.91827109,112.427965,Clear,0
27-01-2025 15:00,1,328,93.44594723,20.1993742,113.8730989,Clear,0
27-01-2025 16:00,1,558,44.57375371,26.60299887,20.3805398,Storm,0
27-01-2025 17:00,1,440,24.33994587,1.494439728,93.12156606,Snow,0
27-01-2025 18:00,1,391,74.28775544,48.37542949,52.61576182,Clear,0
27-01-2025 19:00,1,800,44.51467094,38.19437802,125.8298922,Snow,0
27-01-2025 20:00,1,918,72.69902664,41.02219386,44.50665387,Clear,0
27-01-2025 21:00,1,428,99.95667228,20.88180726,51.89280259,Rain,0
27-01-2025 22:00,1,359,61.11059423,33.38969846,24.9066051,Clear,0
27-01-2025 23:00,1,251,6.963780045,14.18196269,108.3432972,Clear,0
28-01-2025 00:00,1,529,9.03011833,14.00098074,124.2952371,Clear,0
28-01-2025 01:00,1,202,17.34443037,28.44449317,158.3390521,Rain,0
28-01-2025 02:00,1,612,40.08167317,46.71331827,167.2262008,Clear,0
28-01-2025 03:00,1,145,14.33232426,40.37238731,33.18579392,Clear,0
28-01-2025 04:00,1,558,86.86063586,14.42950788,163.3434717,Clear,0
28-01-2025 05:00,1,190,25.27236806,33.59216352,39.8919932,Clear,0
28-01-2025 06:00,1,610,74.07039235,28.54156693,189.9472268,Clear,0
28-01-2025 07:00,1,523,20.48835701,39.52407696,149.5443471,Clear,0
28-01-2025 08:00,1,900,79.30626999,7.094758731,161.5339985,Clear,1
28-01-2025 09:00,1,723,46.57782617,12.51369684,143.9254919,Rain,0
28-01-2025 10:00,1,938,55.75760243,27.49599379,91.62322928,Clear,0
28-01-2025 11:00,1,385,86.95084476,9.783524983,162.0006615,Clear,0
28-01-2025 12:00,1,765,26.53910132,44.08770999,163.6700971,Clear,0
28-01-2025 13:00,1,477,32.55432554,43.69928768,137.8135689,Rain,0
28-01-2025 14:00,1,568,34.72200028,46.82955783,171.6292495,Storm,0
28-01-2025 15:00,1,228,6.15489329,34.02697603,19.84880183,Clear,0
28-01-2025 16:00,1,175,42.11480054,10.37995634,88.21453749,Snow,0
28-01-2025 17:00,1,566,74.60640981,20.82184189,22.98710806,Rain,0
28-01-2025 18:00,1,367,12.9723559,17.33966709,138.7327796,Clear,0
28-01-2025 19:00,1,608,41.23689893,49.12042731,159.1237464,Rain,0
28-01-2025 20:00,1,264,23.9042532,21.49835934,152.6785617,Clear,0
28-01-2025 21:00,1,78,35.89912106,47.12234996,183.7989118,Clear,0
28-01-2025 22:00,1,623,54.27659447,9.788869419,194.4285436,Clear,0
28-01-2025 23:00,1,367,57.77206529,10.30094985,120.6148137,Clear,0
29-01-2025 00:00,1,738,42.77317596,13.94953689,49.01325835,Clear,0
29-01-2025 01:00,1,257,64.91654476,27.93070716,141.0579814,Clear,0
29-01-2025 02:00,1,488,12.31304937,4.703597079,190.770412,Clear,0
29-01-2025 03:00,1,999,71.10076038,23.44308837,27.49809811,Clear,0
29-01-2025 04:00,1,358,6.435515,48.2857531,57.66967868,Clear,0
29-01-2025 05:00,1,530,68.84532368,29.5942914,109.8936817,Clear,0
29-01-2025 06:00,1,307,87.27908519,47.38995272,30.12210284,Clear,0
29-01-2025 07:00,1,128,25.24307583,47.0137977,11.26960455,Rain,0
29-01-2025 08:00,1,917,71.60826147,34.32548239,87.54882126,Clear,0
29-01-2025 09:00,1,117,93.94537824,27.55751367,188.5337871,Clear,0
29-01-2025 10:00,1,122,84.78115263,10.23848968,137.7674946,Storm,0
29-01-2025 11:00,1,706,52.31383734,37.39842377,72.13848239,Snow,0
29-01-2025 12:00,1,390,91.88212307,22.26702766,59.15521201,Clear,0
29-01-2025 13:00,1,122,46.6465731,49.81685204,53.54267073,Clear,0
29-01-2025 14:00,1,90,27.9920976,35.98858345,27.3643824,Clear,0
29-01-2025 15:00,1,200,9.751764798,45.66454337,15.60577048,Clear,0
29-01-2025 16:00,1,415,30.72660116,13.13042874,21.87999619,Clear,0
29-01-2025 17:00,1,879,62.63951385,33.97071176,25.41834392,Storm,0
29-01-2025 18:00,1,699,89.07160928,19.78092774,103.7651885,Clear,0
29-01-2025 19:00,1,553,24.0267917,31.22239678,151.1474838,Rain,0
29-01-2025 20:00,1,799,32.69209539,38.76638401,91.22417357,Clear,0
29-01-2025 21:00,1,668,56.14153461,14.1738222,80.00529478,Snow,0
29-01-2025 22:00,1,698,8.325751907,39.58129391,88.15449863,Snow,0
29-01-2025 23:00,1,172,72.01877888,21.95246535,94.08364781,Clear,0
30-01-2025 00:00,1,598,79.47879908,21.55009097,105.0152225,Rain,0
30-01-2025 01:00,1,747,7.081766234,15.75125781,105.4999361,Clear,0
30-01-2025 02:00,1,871,7.689571068,11.29143813,63.39723546,Rain,0
30-01-2025 03:00,1,983,67.24150288,13.7515933,40.30352988,Clear,0
30-01-2025 04:00,1,694,79.71962633,47.18403407,151.8875615,Rain,0
30-01-2025 05:00,1,352,70.08775944,6.411161307,64.9456148,Clear,0
30-01-2025 06:00,1,493,47.1141184,28.11562921,58.42762729,Rain,0
30-01-2025 07:00,1,939,83.7127818,39.67534957,68.48120802,Snow,0
30-01-2025 08:00,1,913,79.70398464,31.97861329,80.96883361,Clear,0
30-01-2025 09:00,1,897,88.25034615,6.025830167,84.61884122,Clear,0
30-01-2025 10:00,1,596,38.14455713,26.5583704,160.9522704,Snow,0
30-01-2025 11:00,1,125,86.58260654,37.66943683,93.45001424,Clear,0
30-01-2025 12:00,1,334,48.6229772,21.14358684,147.1665532,Clear,0
30-01-2025 13:00,1,673,16.16737351,9.098940017,10.37850569,Rain,0
30-01-2025 14:00,1,695,79.99605845,15.54254742,112.8602259,Clear,0
30-01-2025 15:00,1,687,20.74607681,44.65192121,55.89199992,Clear,0
30-01-2025 16:00,1,164,26.12432395,26.44200397,125.4730098,Clear,0
30-01-2025 17:00,1,296,28.15430084,14.11243914,73.77802828,Rain,0
30-01-2025 18:00,1,713,63.54854616,28.28704372,88.99726967,Clear,0
30-01-2025 19:00,1,68,69.50295684,21.18137228,153.1829798,Clear,0
30-01-2025 20:00,1,403,44.13601903,43.65582135,129.969595,Clear,0
30-01-2025 21:00,1,254,71.17959077,25.28948376,187.2941745,Clear,0
30-01-2025 22:00,1,905,70.74699647,11.10635358,84.45328091,Snow,0
30-01-2025 23:00,1,56,78.43373852,47.62065941,157.5329675,Clear,0
31-01-2025 00:00,1,220,11.5593611,24.23849603,116.528876,Clear,0
01-01-2025 00:00,2,465,72.89092112,44.19660929,148.9501387,Clear,0
01-01-2025 01:00,2,873,84.4311818,41.24802978,170.2319719,Clear,1
01-01-2025 02:00,2,996,32.12333411,27.04729244,107.0067411,Rain,0
01-01-2025 03:00,2,986,88.84318829,23.84917805,24.38294819,Clear,0
01-01-2025 04:00,2,281,6.47329141,14.76321629,49.51170826,Clear,0
01-01-2025 05:00,2,567,41.9934692,27.54628725,193.9325043,Clear,0
01-01-2025 06:00,2,874,98.26219754,23.07345,107.5399599,Storm,0
01-01-2025 07:00,2,581,99.73232362,28.39390496,71.020809,Clear,0
01-01-2025 08:00,2,743,74.27730058,30.81203786,144.2605101,Clear,0
01-01-2025 09:00,2,621,73.66008646,33.17974475,144.6654745,Clear,0
01-01-2025 10:00,2,284,83.97993209,42.27394973,80.91581971,Clear,0
01-01-2025 11:00,2,531,78.41690946,27.87253899,22.6280319,Rain,0
01-01-2025 12:00,2,299,57.06307388,26.53258633,76.53856831,Clear,0
01-01-2025 13:00,2,549,18.33082923,33.8867162,127.8900192,Rain,0
01-01-2025 14:00,2,632,67.93597496,18.00117033,84.24347894,Clear,0
01-01-2025 15:00,2,449,77.07795551,30.26060999,134.28522,Snow,0
01-01-2025 16:00,2,534,56.45640973,38.15509731,68.31185751,Clear,0
01-01-2025 17:00,2,316,30.73955634,10.91045485,69.62709356,Clear,0
01-01-2025 18:00,2,435,45.36083007,45.48408718,106.3413329,Clear,0
01-01-2025 19:00,2,642,60.54346857,7.548878489,94.3332458,Clear,0
01-01-2025 20:00,2,367,80.6429378,14.32535593,141.5481953,Clear,0
01-01-2025 21:00,2,727,76.08211898,12.02705193,110.4576396,Rain,0
01-01-2025 22:00,2,966,70.99089109,11.71706504,123.1076205,Clear,0
01-01-2025 23:00,2,486,82.41927421,39.12323691,154.5617529,Clear,0
02-01-2025 00:00,2,389,78.49794367,37.64409015,38.61553961,Clear,0
02-01-2025 01:00,2,726,29.65976268,2.65014379,177.0452968,Clear,0
02-01-2025 02:00,2,566,64.85378846,43.04789932,158.9167539,Clear,0
02-01-2025 03:00,2,415,89.37122795,16.9392403,181.1825702,Storm,0
02-01-2025 04:00,2,279,13.9611055,37.65223208,164.4155878,Rain,0
02-01-2025 05:00,2,599,14.017204,49.94573799,72.06145739,Rain,0
02-01-2025 06:00,2,529,69.05458999,1.280210487,98.50689311,Clear,0
02-01-2025 07:00,2,449,44.06319421,7.373952822,14.26091894,Clear,0
02-01-2025 08:00,2,548,43.57112116,1.67122897,25.24222683,Clear,0
02-01-2025 09:00,2,647,6.366237377,38.45331594,128.5111861,Rain,0
02-01-2025 10:00,2,977,17.60123487,26.07015018,11.01577056,Snow,0
02-01-2025 11:00,2,758,87.12115845,29.75988882,120.3805722,Storm,0
02-01-2025 12:00,2,432,74.63534386,34.13014448,36.30274373,Clear,0
02-01-2025 13:00,2,97,61.7009283,46.48092281,186.5365088,Clear,0
02-01-2025 14:00,2,758,65.14190208,23.99497614,94.18127884,Clear,0
02-01-2025 15:00,2,807,81.41933567,36.0399079,122.7000616,Clear,0
02-01-2025 16:00,2,956,84.11903068,18.75913481,174.09187,Clear,1
02-01-2025 17:00,2,124,20.89891806,25.51761286,141.2679555,Clear,0
02-01-2025 18:00,2,231,31.15238028,8.654121866,130.8286621,Clear,0
02-01-2025 19:00,2,704,24.39582312,3.07477166,120.1479698,Clear,0
02-01-2025 20:00,2,479,21.12420071,1.938098532,158.0294914,Clear,0
02-01-2025 21:00,2,92,48.09000499,23.2887497,140.2831032,Snow,0
02-01-2025 22:00,2,205,51.4070851,20.69247279,39.20129814,Clear,0
02-01-2025 23:00,2,791,66.04487298,4.849333715,150.7072974,Clear,0
03-01-2025 00:00,2,860,9.938988438,2.555444503,90.43367739,Clear,0
03-01-2025 01:00,2,689,63.54987676,13.06801492,141.2291565,Clear,0
03-01-2025 02:00,2,94,97.73776262,34.48923509,81.33381084,Rain,0
03-01-2025 03:00,2,305,81.25082967,49.8646571,15.70494101,Snow,0
03-01-2025 04:00,2,800,62.28875773,31.33058667,188.7469269,Rain,0
03-01-2025 05:00,2,415,36.85150976,4.28381035,195.3151954,Rain,0
03-01-2025 06:00,2,113,89.72984481,15.99652171,114.8566559,Rain,0
03-01-2025 07:00,2,120,25.02534465,12.23892307,99.1303701,Clear,0
03-01-2025 08:00,2,955,12.10801449,22.48437905,110.6774396,Storm,0
03-01-2025 09:00,2,857,15.87099427,1.426601206,39.55857301,Clear,0
03-01-2025 10:00,2,241,33.4414205,12.39279362,34.63900586,Clear,0
03-01-2025 11:00,2,98,38.60118523,15.82147243,195.3209227,Clear,0
03-01-2025 12:00,2,565,18.95758274,17.78961218,174.2851952,Clear,0
03-01-2025 13:00,2,520,14.36537807,41.63639747,144.2683514,Clear,0
03-01-2025 14:00,2,239,18.02910637,29.45425514,106.0466645,Clear,0
03-01-2025 15:00,2,404,5.298386075,9.537926681,176.3270688,Clear,0
03-01-2025 16:00,2,784,34.11402946,41.29667935,20.82595813,Clear,0
03-01-2025 17:00,2,826,23.11896882,18.00605606,113.9751289,Storm,0
03-01-2025 18:00,2,962,86.9092825,16.37989934,112.224314,Rain,0
03-01-2025 19:00,2,898,77.69023124,47.08054116,13.00640268,Clear,0
03-01-2025 20:00,2,894,75.45593792,25.13588447,101.804364,Rain,0
03-01-2025 21:00,2,376,16.11611386,40.18617777,33.41418939,Clear,0
03-01-2025 22:00,2,236,77.43246107,7.174099365,47.31965102,Storm,0
03-01-2025 23:00,2,278,53.46409614,37.0757507,107.4504405,Snow,0
04-01-2025 00:00,2,359,26.83353895,28.08045112,80.7129185,Clear,0
04-01-2025 01:00,2,535,17.50709094,42.88046905,41.40743437,Snow,0
04-01-2025 02:00,2,692,22.36958909,41.45983663,64.28443786,Snow,0
04-01-2025 03:00,2,761,58.08276474,19.18730628,159.2721897,Clear,0
04-01-2025 04:00,2,955,39.90211923,5.263843697,115.7891331,Rain,0
04-01-2025 05:00,2,304,37.07668369,49.43756075,14.79509571,Clear,0
04-01-2025 06:00,2,774,88.03681846,13.23377868,60.01699584,Clear,0
04-01-2025 07:00,2,688,62.02673875,3.622208683,81.54075468,Clear,0
04-01-2025 08:00,2,981,48.54074149,18.20974998,27.81753999,Clear,0
04-01-2025 09:00,2,780,8.80561631,15.28158476,49.43277788,Clear,0
04-01-2025 10:00,2,748,61.04504887,1.315325363,156.7780944,Rain,0
04-01-2025 11:00,2,936,51.29020864,22.06927549,123.4130312,Storm,0
04-01-2025 12:00,2,657,40.70147651,35.69796991,100.3806854,Clear,0
04-01-2025 13:00,2,655,24.42259538,17.68016625,107.0103439,Clear,0
04-01-2025 14:00,2,250,49.49136766,38.90408435,33.44615489,Clear,0
04-01-2025 15:00,2,975,57.36019638,22.47075205,169.444275,Clear,1
04-01-2025 16:00,2,788,76.60473669,11.55953718,73.84134121,Clear,0
04-01-2025 17:00,2,286,15.601335,30.8076555,63.39945253,Clear,0
04-01-2025 18:00,2,370,63.02321942,10.79222229,20.54975623,Clear,0
04-01-2025 19:00,2,912,78.41328487,12.60973292,138.7046947,Clear,0
04-01-2025 20:00,2,456,93.09874216,18.92840467,70.42941878,Rain,0
04-01-2025 21:00,2,548,54.84988558,38.98695854,54.540864,Clear,0
04-01-2025 22:00,2,866,36.55952924,15.3950194,17.88484176,Clear,0
04-01-2025 23:00,2,322,67.07143236,10.42318491,66.17436291,Clear,0
05-01-2025 00:00,2,342,89.06123618,37.21428182,62.71828915,Clear,0
05-01-2025 01:00,2,107,48.28381986,34.22757772,113.1740719,Clear,0
05-01-2025 02:00,2,749,99.06034038,16.28209235,74.59465412,Clear,0
05-01-2025 03:00,2,845,29.79960999,17.82594841,168.5686401,Snow,1
05-01-2025 04:00,2,521,40.3883485,46.50289754,21.74360753,Clear,0
05-01-2025 05:00,2,961,72.46260085,14.37454974,74.87080122,Clear,0
05-01-2025 06:00,2,560,52.64420623,13.08627217,99.48244796,Clear,0
05-01-2025 07:00,2,331,66.51406416,14.37899035,43.66657519,Clear,0
05-01-2025 08:00,2,244,76.9195709,3.724670562,11.30681282,Clear,0
05-01-2025 09:00,2,742,28.69852941,36.13890786,172.6651748,Clear,0
05-01-2025 10:00,2,189,91.37165009,16.38002575,141.3006044,Clear,0
05-01-2025 11:00,2,650,74.32263112,47.07081947,124.7214285,Snow,0
05-01-2025 12:00,2,677,16.38965388,37.01136652,110.9764337,Clear,0
05-01-2025 13:00,2,192,95.24046848,7.717383446,149.4377949,Clear,0
05-01-2025 14:00,2,938,42.0614223,18.40145074,18.59734591,Clear,0
05-01-2025 15:00,2,520,67.57282872,46.6461908,165.9863933,Clear,0
05-01-2025 16:00,2,712,71.47054136,21.1319975,116.5101637,Snow,0
05-01-2025 17:00,2,761,83.52235205,40.24805432,29.84635844,Clear,0
05-01-2025 18:00,2,360,39.34643288,5.516229965,121.164904,Clear,0
05-01-2025 19:00,2,620,61.51050105,37.20446718,16.16425475,Clear,0
05-01-2025 20:00,2,157,14.81017584,9.45366997,117.9151165,Clear,0
05-01-2025 21:00,2,494,28.39319529,21.75384788,160.7784244,Clear,0
05-01-2025 22:00,2,747,45.96721763,18.02842097,19.56641012,Clear,0
05-01-2025 23:00,2,637,54.7407161,11.69473376,197.9920355,Clear,0
06-01-2025 00:00,2,810,59.87501666,18.6012286,166.4749231,Rain,1
06-01-2025 01:00,2,727,90.10899721,39.90253991,40.07774102,Clear,0
06-01-2025 02:00,2,651,19.82340208,41.89495668,78.08358477,Snow,0
06-01-2025 03:00,2,212,26.01767616,19.66857241,163.5970904,Rain,0
06-01-2025 04:00,2,844,79.24303654,14.51211282,48.80688419,Clear,0
06-01-2025 05:00,2,758,93.70619519,34.50945614,110.998709,Clear,0
06-01-2025 06:00,2,54,34.62120301,13.23883596,134.2904293,Clear,0
06-01-2025 07:00,2,437,58.40793705,36.02291055,23.00558599,Clear,0
06-01-2025 08:00,2,936,53.66853295,38.90503298,18.36767208,Clear,0
06-01-2025 09:00,2,468,38.69328947,27.98250559,86.60947367,Rain,0
06-01-2025 10:00,2,921,35.36694525,22.47065912,180.8594682,Storm,1
06-01-2025 11:00,2,404,38.71527993,21.24545334,138.4063558,Clear,0
06-01-2025 12:00,2,929,25.61084336,15.11226195,115.7023214,Clear,0
06-01-2025 13:00,2,961,8.981945588,21.53996092,41.9586946,Snow,0
06-01-2025 14:00,2,336,14.0942602,16.56704018,194.0481751,Clear,0
06-01-2025 15:00,2,536,25.9423704,44.42290683,187.5177817,Snow,0
06-01-2025 16:00,2,174,64.83296217,20.75732103,152.9555976,Clear,0
06-01-2025 17:00,2,246,79.19156705,20.5131619,94.34172814,Snow,0
06-01-2025 18:00,2,712,84.12832298,27.47453006,170.4865227,Clear,0
06-01-2025 19:00,2,53,77.97217695,25.52338848,92.41640754,Clear,0
06-01-2025 20:00,2,939,53.83906704,16.11494579,118.8780181,Clear,0
06-01-2025 21:00,2,940,58.14351544,41.59591856,145.4407392,Clear,0
06-01-2025 22:00,2,501,27.22020849,11.33342516,172.8664148,Rain,0
06-01-2025 23:00,2,340,94.94184325,20.61040152,158.8266168,Clear,0
07-01-2025 00:00,2,812,79.11798051,49.88351829,46.31509681,Clear,0
07-01-2025 01:00,2,579,16.43681998,46.98795939,44.42482302,Clear,0
07-01-2025 02:00,2,224,44.88562628,25.34788041,184.2189892,Rain,0
07-01-2025 03:00,2,286,58.71489692,22.67036155,161.4701038,Rain,0
07-01-2025 04:00,2,543,42.34487122,5.912032622,13.15257132,Clear,0
07-01-2025 05:00,2,165,36.88421093,4.763564612,54.64891273,Rain,0
07-01-2025 06:00,2,263,97.59560662,7.637517303,53.98029062,Snow,0
07-01-2025 07:00,2,893,8.413367308,46.41890097,50.6026469,Clear,0
07-01-2025 08:00,2,804,42.32503534,2.403968951,120.8179545,Clear,0
07-01-2025 09:00,2,413,34.80211864,13.14579458,142.5660984,Clear,0
07-01-2025 10:00,2,949,97.51103927,27.66573446,62.2954444,Rain,0
07-01-2025 11:00,2,121,90.90311268,19.36137655,114.4750269,Clear,0
07-01-2025 12:00,2,61,43.99710044,9.003495756,52.13857586,Clear,0
07-01-2025 13:00,2,853,82.64400466,46.58952259,28.11857504,Clear,0
07-01-2025 14:00,2,910,64.51341687,15.07900911,63.15173388,Clear,0
07-01-2025 15:00,2,120,9.872915653,25.13423366,94.00033659,Clear,0
07-01-2025 16:00,2,277,70.91152791,28.08535603,51.08760036,Clear,0
07-01-2025 17:00,2,214,77.21528833,8.54109533,38.35739925,Clear,0
07-01-2025 18:00,2,213,43.73299821,7.152713353,42.54604199,Rain,0
07-01-2025 19:00,2,79,42.23150348,35.16102091,46.75271516,Clear,0
07-01-2025 20:00,2,270,37.75767274,17.52823675,69.26326205,Clear,0
07-01-2025 21:00,2,964,66.56997828,43.88078418,160.198897,Clear,1
07-01-2025 22:00,2,337,83.31329249,20.45261595,39.70022443,Rain,0
07-01-2025 23:00,2,726,12.7922501,2.712023074,198.0537185,Clear,0
08-01-2025 00:00,2,698,19.83914325,49.4326287,195.6831872,Rain,0
08-01-2025 01:00,2,433,77.35920824,25.84703878,131.2013562,Storm,0
08-01-2025 02:00,2,337,63.84204709,21.14833332,91.22242628,Clear,0
08-01-2025 03:00,2,834,52.56753795,32.59819992,14.47117394,Clear,0
08-01-2025 04:00,2,137,83.2109552,28.25334394,158.1081733,Clear,0
08-01-2025 05:00,2,355,29.09049111,24.07655288,103.5241399,Clear,0
08-01-2025 06:00,2,608,24.98026285,38.50280483,58.07500477,Snow,0
08-01-2025 07:00,2,157,10.79567859,15.10373364,27.72157489,Storm,0
08-01-2025 08:00,2,244,35.81129085,34.14770373,122.9059472,Clear,0
08-01-2025 09:00,2,705,5.513467749,1.065967277,81.83914626,Clear,0
08-01-2025 10:00,2,145,26.49588085,34.925361,54.3332363,Clear,0
08-01-2025 11:00,2,410,66.96235855,13.30292508,133.5807973,Clear,0
08-01-2025 12:00,2,234,85.69740859,3.204844241,149.4887392,Clear,0
08-01-2025 13:00,2,523,61.44347696,21.157354,34.01342026,Clear,0
08-01-2025 14:00,2,571,12.7518784,13.67098797,15.29192576,Clear,0
08-01-2025 15:00,2,370,68.92047768,36.48847185,103.593811,Clear,0
08-01-2025 16:00,2,618,96.70375874,3.470421907,179.173021,Clear,0
08-01-2025 17:00,2,174,7.344994936,18.77492642,113.8723024,Rain,0
08-01-2025 18:00,2,777,37.39106429,45.94613526,87.2522021,Clear,0
08-01-2025 19:00,2,85,99.18808895,36.61510272,159.1062395,Storm,0
08-01-2025 20:00,2,489,80.25816351,34.14169233,139.1303047,Snow,0
08-01-2025 21:00,2,244,29.09537777,38.06037921,25.51678241,Snow,0
08-01-2025 22:00,2,710,65.20260198,30.07960775,13.08625421,Rain,0
08-01-2025 23:00,2,961,90.75702349,42.02588735,34.20019996,Clear,0
09-01-2025 00:00,2,576,13.96979528,41.74439832,184.495533,Clear,0
09-01-2025 01:00,2,158,89.95518623,32.60024236,64.76779966,Clear,0
09-01-2025 02:00,2,92,5.00291829,35.89471525,77.75327344,Clear,0
09-01-2025 03:00,2,999,13.74938165,40.94854022,179.9368338,Rain,1
09-01-2025 04:00,2,694,53.87382614,5.167762889,114.2858323,Clear,0
09-01-2025 05:00,2,990,98.93937548,12.06065847,84.0809518,Clear,0
09-01-2025 06:00,2,989,14.18125926,9.66795059,197.5938701,Clear,1
09-01-2025 07:00,2,974,13.32673444,4.224776274,179.3504592,Clear,1
09-01-2025 08:00,2,944,36.05939731,15.98145391,86.51370699,Clear,0
09-01-2025 09:00,2,375,61.26863025,35.03803487,79.28742848,Rain,0
09-01-2025 10:00,2,758,59.95678828,34.97768427,143.1161843,Rain,0
09-01-2025 11:00,2,821,45.4640823,49.73952409,27.57508321,Rain,0
09-01-2025 12:00,2,958,7.440516263,14.9425279,94.1764042,Clear,0
09-01-2025 13:00,2,903,27.0914265,12.07562664,114.6996811,Clear,0
09-01-2025 14:00,2,676,50.45665166,29.69262271,112.86114,Clear,0
09-01-2025 15:00,2,260,84.07963242,48.79817839,100.0912163,Clear,0
09-01-2025 16:00,2,828,65.58854348,41.1833076,17.90000237,Clear,0
09-01-2025 17:00,2,497,42.92084548,30.33116026,134.060435,Clear,0
09-01-2025 18:00,2,916,81.94281993,29.57338074,148.7421264,Clear,0
09-01-2025 19:00,2,316,91.23486615,49.83171716,143.0820418,Rain,0
09-01-2025 20:00,2,701,39.06905029,45.65562031,13.97748239,Clear,0
09-01-2025 21:00,2,938,97.64209772,41.82701347,67.57332633,Storm,0
09-01-2025 22:00,2,309,42.61403649,38.05643578,96.29489592,Clear,0
09-01-2025 23:00,2,487,57.29481882,39.71072724,70.41668475,Clear,0
10-01-2025 00:00,2,362,40.8947253,4.039801418,74.46800079,Clear,0
10-01-2025 01:00,2,383,10.80494342,25.46584435,30.2040865,Clear,0
10-01-2025 02:00,2,549,43.06689585,6.642162741,177.8219843,Clear,0
10-01-2025 03:00,2,667,63.32804835,31.20498069,96.91418062,Clear,0
10-01-2025 04:00,2,369,82.30371765,47.08469369,133.2654234,Storm,0
10-01-2025 05:00,2,218,22.1492317,13.86105867,109.7990996,Clear,0
10-01-2025 06:00,2,869,33.24934547,8.964361386,138.3680488,Clear,0
10-01-2025 07:00,2,693,24.83893887,3.869699959,114.9495662,Clear,0
10-01-2025 08:00,2,506,14.36645187,6.707414634,58.30963397,Clear,0
10-01-2025 09:00,2,805,12.53162704,28.72667746,182.5235236,Clear,1
10-01-2025 10:00,2,557,88.48307873,28.35926344,175.2881883,Clear,0
10-01-2025 11:00,2,470,12.65846349,47.03886086,153.4753873,Clear,0
10-01-2025 12:00,2,693,24.0732426,16.43550825,160.3678526,Snow,0
10-01-2025 13:00,2,853,79.4296082,14.57639324,188.7672322,Clear,1
10-01-2025 14:00,2,491,98.83620621,16.9585553,84.88584889,Clear,0
10-01-2025 15:00,2,713,43.51516839,26.29788166,120.3225929,Snow,0
10-01-2025 16:00,2,810,90.03120244,8.307900471,159.3258025,Clear,1
10-01-2025 17:00,2,472,98.33952086,5.220474814,164.7334881,Clear,0
10-01-2025 18:00,2,751,38.3965147,30.90849727,14.58093675,Clear,0
10-01-2025 19:00,2,323,61.94880827,45.21776053,82.81091953,Clear,0
10-01-2025 20:00,2,978,84.36039038,10.64750572,93.81860492,Clear,0
10-01-2025 21:00,2,245,38.54477445,40.18938486,115.3905347,Rain,0
10-01-2025 22:00,2,183,49.2810478,22.82393977,12.7677594,Clear,0
10-01-2025 23:00,2,912,56.40581336,30.64938641,51.89265149,Clear,0
11-01-2025 00:00,2,314,6.997005139,41.1608681,166.7222158,Rain,0
11-01-2025 01:00,2,102,54.72313024,12.11185864,136.6391756,Clear,0
11-01-2025 02:00,2,974,6.172399376,8.005083002,151.0357723,Clear,1
11-01-2025 03:00,2,84,9.859269534,20.49187861,107.224415,Clear,0
11-01-2025 04:00,2,953,30.7088995,10.51398058,100.1426298,Clear,0
11-01-2025 05:00,2,500,11.75978949,29.11942663,117.5435007,Snow,0
11-01-2025 06:00,2,877,29.51987327,6.563491474,184.3331718,Rain,1
11-01-2025 07:00,2,275,22.60130078,27.52223544,132.6587145,Clear,0
11-01-2025 08:00,2,540,60.97538836,23.25964144,95.79746146,Snow,0
11-01-2025 09:00,2,394,17.05971931,7.040905186,108.5267208,Clear,0
11-01-2025 10:00,2,938,10.61505298,34.84558944,148.4693822,Clear,0
11-01-2025 11:00,2,239,41.30325011,28.18185836,24.58403176,Clear,0
11-01-2025 12:00,2,490,10.2645094,17.22617797,155.5345992,Clear,0
11-01-2025 13:00,2,517,60.06381424,2.088705619,197.8225975,Clear,0
11-01-2025 14:00,2,971,61.93917388,36.70415793,69.91911122,Clear,0
11-01-2025 15:00,2,318,21.10288873,3.497768974,127.3305319,Clear,0
11-01-2025 16:00,2,862,50.13353792,46.1992799,23.81964008,Clear,0
11-01-2025 17:00,2,810,66.50850437,42.34399716,71.73533094,Clear,0
11-01-2025 18:00,2,63,83.90916224,12.00821248,85.87319024,Clear,0
11-01-2025 19:00,2,936,63.16619774,1.817114861,47.00696456,Rain,0
11-01-2025 20:00,2,781,44.90104541,29.33962839,168.1962369,Rain,0
11-01-2025 21:00,2,302,22.2164283,47.90265121,179.1262302,Clear,0
11-01-2025 22:00,2,217,57.11589943,20.73423475,108.7262184,Storm,0
11-01-2025 23:00,2,577,65.11624801,38.67708218,198.8755144,Clear,0
12-01-2025 00:00,2,488,95.18094509,44.10047334,182.3379725,Storm,0
12-01-2025 01:00,2,114,38.66583238,15.83866456,148.8671284,Rain,0
12-01-2025 02:00,2,401,38.99206869,30.09525097,119.3627514,Clear,0
12-01-2025 03:00,2,362,23.88733579,16.43551485,52.67446361,Clear,0
12-01-2025 04:00,2,352,7.393914008,18.38676092,158.2404032,Clear,0
12-01-2025 05:00,2,695,36.40329522,37.49209966,88.35658149,Clear,0
12-01-2025 06:00,2,345,62.96025259,24.92070609,35.30460388,Clear,0
12-01-2025 07:00,2,678,10.78822856,35.00685329,44.72272154,Clear,0
12-01-2025 08:00,2,346,52.14272608,14.99567344,149.5755771,Clear,0
12-01-2025 09:00,2,703,14.9442172,7.301227812,119.0316136,Clear,0
12-01-2025 10:00,2,580,64.43978166,27.97605235,87.3994496,Clear,0
12-01-2025 11:00,2,751,65.9982182,14.50129179,103.9590138,Clear,0
12-01-2025 12:00,2,531,89.61255327,30.25031595,163.9306071,Clear,0
12-01-2025 13:00,2,577,33.09601845,13.53144138,72.20998216,Clear,0
12-01-2025 14:00,2,897,23.87123481,13.09599435,68.21893538,Clear,0
12-01-2025 15:00,2,695,61.01708204,4.301466705,167.9927494,Clear,0
12-01-2025 16:00,2,336,21.32379873,26.3857974,50.65898895,Clear,0
12-01-2025 17:00,2,805,39.23567177,30.63713204,83.61574623,Snow,0
12-01-2025 18:00,2,670,80.87229913,46.70489401,13.8261913,Clear,0
12-01-2025 19:00,2,869,72.16645296,33.46582797,163.4663858,Snow,1
12-01-2025 20:00,2,654,93.51533832,49.85052145,146.8299176,Clear,0
12-01-2025 21:00,2,57,65.65643456,16.66741657,20.85226104,Clear,0
12-01-2025 22:00,2,316,25.96185066,7.768139364,173.231234,Clear,0
12-01-2025 23:00,2,317,38.87427597,45.67456797,17.65489969,Clear,0
13-01-2025 00:00,2,807,44.01485014,11.27482359,195.5465944,Clear,1
13-01-2025 01:00,2,200,41.66425354,19.32340959,178.3947611,Clear,0
13-01-2025 02:00,2,848,96.73570265,20.28421147,34.83629148,Clear,0
13-01-2025 03:00,2,62,45.67747429,31.96894121,147.9611393,Clear,0
13-01-2025 04:00,2,148,45.60932018,32.61571022,151.5908011,Clear,0
13-01-2025 05:00,2,876,5.647396301,26.64695207,185.0875445,Rain,1
13-01-2025 06:00,2,410,40.17205764,37.81266729,180.429105,Rain,0
13-01-2025 07:00,2,994,67.48303399,32.43685977,14.85826183,Rain,0
13-01-2025 08:00,2,193,51.18649714,6.341667166,57.22256598,Clear,0
13-01-2025 09:00,2,549,51.13645221,27.75025313,185.9789884,Snow,0
13-01-2025 10:00,2,571,77.64184029,8.188060587,141.1613409,Snow,0
13-01-2025 11:00,2,334,36.17520687,3.634843271,137.177827,Clear,0
13-01-2025 12:00,2,432,16.39552946,16.29113819,162.4552458,Snow,0
13-01-2025 13:00,2,127,47.31390451,5.128513493,139.703995,Clear,0
13-01-2025 14:00,2,876,82.13489229,47.34173541,69.45471413,Snow,0
13-01-2025 15:00,2,954,98.72349584,30.29415936,25.57348958,Clear,0
13-01-2025 16:00,2,84,87.93909897,9.274064705,20.19061039,Rain,0
13-01-2025 17:00,2,780,25.68268873,5.319455749,46.9616563,Rain,0
13-01-2025 18:00,2,347,57.14641501,10.27059383,146.8729597,Clear,0
13-01-2025 19:00,2,432,50.33400754,39.86008839,196.4359035,Snow,0
13-01-2025 20:00,2,736,15.01313085,42.10383923,137.4924663,Clear,0
13-01-2025 21:00,2,464,18.48945464,15.90785133,36.45690047,Clear,0
13-01-2025 22:00,2,551,89.20613439,3.312638383,192.6691577,Clear,0
13-01-2025 23:00,2,853,27.14191713,35.06418584,129.6293855,Snow,0
14-01-2025 00:00,2,915,78.67300319,20.26296811,36.45827345,Clear,0
14-01-2025 01:00,2,802,26.04414085,3.751938485,58.57142782,Clear,0
14-01-2025 02:00,2,398,54.45166454,22.59257929,177.1837791,Clear,0
14-01-2025 03:00,2,814,44.50682724,4.093365551,85.38346073,Clear,0
14-01-2025 04:00,2,406,67.99889365,30.17295214,88.87767426,Clear,0
14-01-2025 05:00,2,806,82.67422094,44.8577736,172.1160691,Clear,1
14-01-2025 06:00,2,988,48.51271858,13.57571315,152.9017232,Clear,1
14-01-2025 07:00,2,531,75.90447401,16.26701524,170.6741692,Clear,0
14-01-2025 08:00,2,497,37.77659979,3.681902639,48.80600021,Clear,0
14-01-2025 09:00,2,746,15.01350217,28.13734859,107.4660765,Clear,0
14-01-2025 10:00,2,723,20.94238659,6.897815234,22.8449024,Rain,0
14-01-2025 11:00,2,944,45.90090299,6.837892928,107.3546359,Clear,0
14-01-2025 12:00,2,732,75.68271513,35.83904714,54.55490076,Rain,0
14-01-2025 13:00,2,749,99.46137876,12.4036891,20.22779973,Clear,0
14-01-2025 14:00,2,105,64.34307756,4.977046999,95.91847103,Rain,0
14-01-2025 15:00,2,220,69.18074349,25.93580943,173.6746803,Snow,0
14-01-2025 16:00,2,548,8.013636723,27.213367,17.16256773,Rain,0
14-01-2025 17:00,2,195,98.75511481,37.9738987,57.23492808,Clear,0
14-01-2025 18:00,2,543,42.87103695,43.28319728,60.74425142,Clear,0
14-01-2025 19:00,2,570,5.663314879,20.77056748,54.60334013,Rain,0
14-01-2025 20:00,2,177,90.89285849,4.363784641,198.4589472,Storm,0
14-01-2025 21:00,2,418,27.1888993,4.341144369,45.55361138,Clear,0
14-01-2025 22:00,2,877,44.65250432,19.46647714,176.4219357,Snow,1
14-01-2025 23:00,2,462,75.05394471,27.31502442,169.5995745,Clear,0
15-01-2025 00:00,2,451,33.27677637,15.60524386,70.87624437,Clear,0
15-01-2025 01:00,2,159,92.00172042,36.17870186,63.88550545,Clear,0
15-01-2025 02:00,2,531,91.39580285,10.31630955,166.0375294,Clear,0
15-01-2025 03:00,2,982,21.32826865,24.34979707,150.1972789,Clear,1
15-01-2025 04:00,2,940,86.1245738,1.648211832,107.2382867,Rain,0
15-01-2025 05:00,2,635,52.73423673,1.704680563,162.5664472,Storm,0
15-01-2025 06:00,2,742,31.99750809,15.15945772,81.64024689,Clear,0
15-01-2025 07:00,2,639,47.31802832,30.01884857,143.1777194,Clear,0
15-01-2025 08:00,2,130,52.81778741,40.02558751,150.4991543,Clear,0
15-01-2025 09:00,2,487,16.23112915,20.67338292,160.6944222,Clear,0
15-01-2025 10:00,2,146,8.782086747,14.42541687,191.5733988,Storm,0
15-01-2025 11:00,2,843,74.79731418,35.28023012,172.0560129,Clear,1
15-01-2025 12:00,2,118,18.41391104,38.41227634,30.64968248,Storm,0
15-01-2025 13:00,2,680,50.38550201,24.42978725,155.9142958,Clear,0
15-01-2025 14:00,2,462,18.87199683,46.96514284,184.3529828,Snow,0
15-01-2025 15:00,2,81,71.1733332,46.27957645,165.8615767,Clear,0
15-01-2025 16:00,2,229,65.38630559,18.4419309,38.21628851,Clear,0
15-01-2025 17:00,2,789,57.4339543,12.85007158,90.9395287,Storm,0
15-01-2025 18:00,2,731,58.61756113,46.71487465,121.4372384,Clear,0
15-01-2025 19:00,2,623,83.27977693,11.0002954,99.11774203,Rain,0
15-01-2025 20:00,2,179,40.93132895,26.34738063,88.49040557,Clear,0
15-01-2025 21:00,2,493,7.408117405,34.81229753,70.05924919,Clear,0
15-01-2025 22:00,2,150,39.23743381,5.266489073,48.40838585,Clear,0
15-01-2025 23:00,2,415,33.30783737,5.398215527,183.0569903,Clear,0
16-01-2025 00:00,2,938,28.32730946,40.80398283,75.13940331,Clear,0
16-01-2025 01:00,2,867,96.75407037,11.08392447,150.8975606,Clear,1
16-01-2025 02:00,2,744,31.82495231,4.96673307,176.5566271,Rain,0
16-01-2025 03:00,2,773,92.06646936,17.06407174,80.69562844,Rain,0
16-01-2025 04:00,2,784,5.364528823,25.59840169,120.7942865,Clear,0
16-01-2025 05:00,2,669,9.712561293,13.59607192,98.3569035,Clear,0
16-01-2025 06:00,2,580,13.2753825,24.88183764,141.3690509,Clear,0
16-01-2025 07:00,2,482,47.26098112,24.96337162,76.81347574,Snow,0
16-01-2025 08:00,2,322,33.42704041,22.11205549,69.31645792,Rain,0
16-01-2025 09:00,2,98,85.60481857,18.79951223,160.8476754,Snow,0
16-01-2025 10:00,2,824,37.22592835,27.68517699,17.80295283,Rain,0
16-01-2025 11:00,2,178,9.870028622,20.69193729,138.0136837,Clear,0
16-01-2025 12:00,2,206,49.09937515,31.34101155,101.2559092,Clear,0
16-01-2025 13:00,2,383,56.84111704,10.99915504,65.46312296,Rain,0
16-01-2025 14:00,2,350,41.14577912,6.200153689,110.957798,Clear,0
16-01-2025 15:00,2,563,45.57497931,24.27991669,180.6114911,Clear,0
16-01-2025 16:00,2,830,63.73762588,34.35294629,136.6789907,Clear,0
16-01-2025 17:00,2,865,5.08962445,2.923987531,195.6839264,Clear,1
16-01-2025 18:00,2,840,41.83103971,7.780041844,150.2519714,Snow,1
16-01-2025 19:00,2,607,62.02388396,36.83127888,156.2518583,Storm,0
16-01-2025 20:00,2,833,34.39421551,46.89950324,107.9785447,Clear,0
16-01-2025 21:00,2,405,16.34119608,17.06429906,164.9916223,Clear,0
16-01-2025 22:00,2,100,23.21494065,28.21936673,120.944665,Clear,0
16-01-2025 23:00,2,614,13.37277094,39.06312342,171.0340503,Clear,0
17-01-2025 00:00,2,241,83.6291435,37.2535235,159.9143405,Clear,0
17-01-2025 01:00,2,436,23.66626186,11.37554724,17.88449185,Clear,0
17-01-2025 02:00,2,316,71.91185502,46.5012472,150.3612668,Clear,0
17-01-2025 03:00,2,552,73.32829405,46.57809494,110.2417149,Clear,0
17-01-2025 04:00,2,218,83.05594913,5.967612281,160.4593515,Rain,0
17-01-2025 05:00,2,818,58.61957584,30.42857665,41.58851277,Clear,0
17-01-2025 06:00,2,263,90.34375114,29.55162118,33.58039987,Clear,0
17-01-2025 07:00,2,379,61.21311204,10.40914509,136.6702739,Clear,0
17-01-2025 08:00,2,944,28.63780757,20.98659082,63.13090051,Clear,0
17-01-2025 09:00,2,789,23.76781104,40.45354547,45.29762139,Clear,0
17-01-2025 10:00,2,509,53.13515013,42.94405267,152.4911995,Rain,0
17-01-2025 11:00,2,285,37.96522186,46.71051682,185.3025765,Clear,0
17-01-2025 12:00,2,178,73.84614415,41.98436423,173.8730282,Clear,0
17-01-2025 13:00,2,891,92.45090908,1.588148336,115.0348264,Rain,0
17-01-2025 14:00,2,969,35.83787101,33.96504333,74.08071025,Clear,0
17-01-2025 15:00,2,106,27.47792936,24.69140617,91.53840347,Clear,0
17-01-2025 16:00,2,874,48.39769143,42.43770011,31.70505633,Clear,0
17-01-2025 17:00,2,229,40.90943367,49.07789638,98.58812349,Rain,0
17-01-2025 18:00,2,106,10.01067546,41.8740413,32.41477189,Clear,0
17-01-2025 19:00,2,281,94.65892058,13.29362551,29.1069191,Clear,0
17-01-2025 20:00,2,645,47.66245884,29.30304095,118.4723402,Clear,0
17-01-2025 21:00,2,137,63.63586038,44.3555894,53.95795203,Clear,0
17-01-2025 22:00,2,226,96.79605829,48.53364838,174.3635089,Clear,0
17-01-2025 23:00,2,857,54.13489563,42.56089342,140.1831575,Clear,0
18-01-2025 00:00,2,328,30.19481101,9.318200868,28.17173224,Clear,0
18-01-2025 01:00,2,953,21.33169298,27.81890953,41.273862,Clear,0
18-01-2025 02:00,2,388,37.61117146,42.75037237,116.251445,Clear,0
18-01-2025 03:00,2,637,91.09218435,37.42832352,111.2371371,Snow,0
18-01-2025 04:00,2,307,6.002356633,20.31041749,171.6808609,Clear,0
18-01-2025 05:00,2,200,60.26354511,38.55101344,87.21914195,Snow,0
18-01-2025 06:00,2,566,23.2357667,36.24248653,61.59458648,Clear,0
18-01-2025 07:00,2,704,24.17052008,45.53249839,154.4760128,Clear,0
18-01-2025 08:00,2,304,64.42041574,8.58802113,80.86996876,Clear,0
18-01-2025 09:00,2,669,63.57908793,2.976358755,71.97234828,Clear,0
18-01-2025 10:00,2,286,47.06879019,42.51620109,49.14107892,Storm,0
18-01-2025 11:00,2,238,98.65134765,42.09183549,163.6284015,Clear,0
18-01-2025 12:00,2,349,47.35342723,41.01610692,178.195387,Clear,0
18-01-2025 13:00,2,573,43.28797457,32.09326692,128.0254012,Clear,0
18-01-2025 14:00,2,531,93.86247652,37.81974256,188.8535346,Clear,0
18-01-2025 15:00,2,639,14.42681163,22.00356968,129.4154123,Clear,0
18-01-2025 16:00,2,154,77.70504845,46.54077071,48.91245772,Rain,0
18-01-2025 17:00,2,727,34.479176,20.55717892,56.02885994,Clear,0
18-01-2025 18:00,2,53,92.25955226,3.302632549,74.3744741,Clear,0
18-01-2025 19:00,2,659,81.174816,22.2920172,175.2113976,Clear,0
18-01-2025 20:00,2,980,56.54446606,33.02575173,62.05786849,Clear,0
18-01-2025 21:00,2,910,62.78008079,22.78410155,151.050288,Clear,1
18-01-2025 22:00,2,637,26.88673074,15.17295124,80.17728472,Clear,0
18-01-2025 23:00,2,834,42.99838674,3.812200341,120.8283772,Snow,0
19-01-2025 00:00,2,984,6.582744768,17.60829399,161.1754438,Clear,1
19-01-2025 01:00,2,108,44.01949663,25.72722711,11.39707847,Clear,0
19-01-2025 02:00,2,296,80.752464,25.8894859,152.5628474,Clear,0
19-01-2025 03:00,2,860,52.68481349,45.58657775,146.2797564,Clear,0
19-01-2025 04:00,2,416,73.14946154,22.73460393,188.3866253,Clear,0
19-01-2025 05:00,2,975,96.8370833,35.16114646,25.81238258,Snow,0
19-01-2025 06:00,2,552,45.55154124,6.446393109,15.77901735,Rain,0
19-01-2025 07:00,2,93,24.37948734,41.49676587,115.9608513,Clear,0
19-01-2025 08:00,2,717,34.58128429,20.68314775,105.5225364,Rain,0
19-01-2025 09:00,2,452,33.96579682,10.44114343,34.52353692,Clear,0
19-01-2025 10:00,2,869,97.45978389,10.86890915,11.81323708,Clear,0
19-01-2025 11:00,2,556,94.29281542,17.80830892,197.7435744,Clear,0
19-01-2025 12:00,2,280,89.65830872,23.55741328,144.8375553,Storm,0
19-01-2025 13:00,2,740,54.54734347,7.107724021,192.6687627,Clear,0
19-01-2025 14:00,2,79,8.739378583,2.070488887,157.1522646,Clear,0
19-01-2025 15:00,2,528,44.36879778,46.85548054,96.84133526,Clear,0
19-01-2025 16:00,2,355,5.998756331,38.33260482,179.7278538,Clear,0
19-01-2025 17:00,2,994,98.7353231,13.29280011,106.8347257,Snow,0
19-01-2025 18:00,2,120,36.90255464,31.13841795,186.1124368,Storm,0
19-01-2025 19:00,2,421,48.0183565,14.65602148,192.1856559,Clear,0
19-01-2025 20:00,2,579,35.81124352,47.65505194,166.492663,Rain,0
19-01-2025 21:00,2,286,10.22179915,29.34854909,25.68871003,Clear,0
19-01-2025 22:00,2,688,38.98670251,4.13114616,24.12357569,Clear,0
19-01-2025 23:00,2,915,33.80587947,48.36136353,189.4944025,Clear,1
20-01-2025 00:00,2,546,91.41156216,1.303007309,164.0298784,Snow,0
20-01-2025 01:00,2,952,59.16725502,30.89960444,189.0505735,Rain,1
20-01-2025 02:00,2,332,29.47503988,23.04724004,141.6526931,Rain,0
20-01-2025 03:00,2,472,87.38184867,47.83631421,54.97590811,Snow,0
20-01-2025 04:00,2,473,21.07037992,48.8953716,172.1302655,Clear,0
20-01-2025 05:00,2,777,10.60976372,14.31154538,29.71370527,Clear,0
20-01-2025 06:00,2,987,99.07709121,30.95574116,80.48500539,Rain,0
20-01-2025 07:00,2,660,6.29786012,44.89059142,15.49942018,Clear,0
20-01-2025 08:00,2,973,50.99643806,39.90670806,119.5328916,Clear,0
20-01-2025 09:00,2,125,72.02155234,10.1877184,152.6137068,Clear,0
20-01-2025 10:00,2,428,5.86326832,32.76657884,107.1078261,Clear,0
20-01-2025 11:00,2,991,12.56248231,35.64085961,134.3258273,Snow,0
20-01-2025 12:00,2,131,87.45806454,29.57218211,146.4226938,Clear,0
20-01-2025 13:00,2,451,17.48417637,13.86176539,120.4309407,Rain,0
20-01-2025 14:00,2,249,96.83975162,47.94876787,57.05001218,Clear,0
20-01-2025 15:00,2,53,84.55771153,16.82649448,178.9123161,Clear,0
20-01-2025 16:00,2,767,70.3380746,14.40025125,149.9299032,Clear,0
20-01-2025 17:00,2,117,83.06647961,7.809480602,151.9865359,Clear,0
20-01-2025 18:00,2,667,35.46969032,10.420638,68.79921433,Storm,0
20-01-2025 19:00,2,707,79.03969118,26.60234364,131.794723,Rain,0
20-01-2025 20:00,2,376,69.7218005,36.08324998,125.3916392,Clear,0
20-01-2025 21:00,2,168,5.737831005,25.11250851,197.4326063,Clear,0
20-01-2025 22:00,2,467,84.95409072,2.487336471,170.3244441,Clear,0
20-01-2025 23:00,2,564,17.70892377,47.71205121,23.80646164,Clear,0
21-01-2025 00:00,2,737,25.90855627,13.44525292,176.761514,Clear,0
21-01-2025 01:00,2,649,27.68141825,11.46359987,88.11742393,Rain,0
21-01-2025 02:00,2,780,53.36786423,7.826654637,174.5831358,Snow,0
21-01-2025 03:00,2,532,81.01307036,12.84128712,22.92708968,Clear,0
21-01-2025 04:00,2,528,30.44028508,22.17932192,27.38262849,Rain,0
21-01-2025 05:00,2,190,39.16917832,34.67448283,69.43849753,Clear,0
21-01-2025 06:00,2,819,5.933617494,21.04994679,72.58206117,Clear,0
21-01-2025 07:00,2,523,47.19747505,7.715587339,173.8201704,Rain,0
21-01-2025 08:00,2,445,74.06676007,34.95309123,197.6000097,Clear,0
21-01-2025 09:00,2,742,59.05340346,27.04248307,97.01301075,Clear,0
21-01-2025 10:00,2,935,58.98551855,14.45862762,100.1426337,Clear,0
21-01-2025 11:00,2,572,73.61052937,9.533677927,113.907423,Rain,0
21-01-2025 12:00,2,628,9.860723112,12.41006929,103.4803286,Clear,0
21-01-2025 13:00,2,858,16.83827164,32.97132182,20.0167556,Clear,0
21-01-2025 14:00,2,445,17.66200452,46.45954092,174.8633986,Rain,0
21-01-2025 15:00,2,140,64.00510087,15.78820274,180.9511849,Clear,0
21-01-2025 16:00,2,384,66.17125592,41.88191499,119.6971462,Clear,0
21-01-2025 17:00,2,839,81.64348912,13.33853154,166.5118137,Clear,1
21-01-2025 18:00,2,854,46.32638646,15.34009979,113.6313105,Clear,0
21-01-2025 19:00,2,737,99.90970232,11.79604228,29.61116329,Clear,0
21-01-2025 20:00,2,659,88.32711838,26.88127383,98.77958924,Clear,0
21-01-2025 21:00,2,424,46.38884628,7.325223562,151.0367638,Clear,0
21-01-2025 22:00,2,911,15.67771758,3.416140368,58.92105113,Clear,0
21-01-2025 23:00,2,614,17.68575215,19.94812605,166.0170607,Storm,0
22-01-2025 00:00,2,273,72.48339257,6.512653396,149.8248772,Clear,0
22-01-2025 01:00,2,686,21.20710684,22.40113307,98.16008136,Rain,0
22-01-2025 02:00,2,78,93.41386428,2.207575827,142.3709077,Rain,0
22-01-2025 03:00,2,70,43.75011405,18.04133775,14.11265666,Clear,0
22-01-2025 04:00,2,160,66.3994437,32.71976458,34.38648606,Clear,0
22-01-2025 05:00,2,664,77.94825455,37.83793478,121.789481,Clear,0
22-01-2025 06:00,2,947,83.5070796,35.37345597,97.27529456,Clear,0
22-01-2025 07:00,2,307,49.04409706,39.42929367,189.9072373,Clear,0
22-01-2025 08:00,2,725,54.90523512,4.236710083,194.7879648,Clear,0
22-01-2025 09:00,2,438,38.75197755,34.44307478,135.8241101,Rain,0
22-01-2025 10:00,2,285,10.4239621,17.80953489,136.7178372,Clear,0
22-01-2025 11:00,2,705,61.77982187,43.61509836,179.2581082,Clear,0
22-01-2025 12:00,2,360,51.92801917,43.59826275,149.9970266,Clear,0
22-01-2025 13:00,2,879,45.02358376,42.1031275,176.6528889,Clear,1
22-01-2025 14:00,2,678,68.80772194,17.3612211,58.30924059,Clear,0
22-01-2025 15:00,2,902,77.20331567,3.389549622,170.3084706,Clear,1
22-01-2025 16:00,2,298,55.06976487,29.54415509,139.9197582,Rain,0
22-01-2025 17:00,2,551,22.7260592,10.22337779,45.0072438,Clear,0
22-01-2025 18:00,2,456,42.67610457,7.118633768,109.834574,Clear,0
22-01-2025 19:00,2,208,82.85209011,17.01020564,76.42673577,Clear,0
22-01-2025 20:00,2,265,96.82309726,22.59621301,59.47659067,Rain,0
22-01-2025 21:00,2,889,75.45999225,34.08631104,49.11757775,Clear,0
22-01-2025 22:00,2,332,70.91700038,15.98486205,154.2554061,Clear,0
22-01-2025 23:00,2,648,64.69297617,10.02096484,30.07356564,Rain,0
23-01-2025 00:00,2,686,35.62085832,39.06779366,23.45037284,Clear,0
23-01-2025 01:00,2,51,10.34032102,37.6285112,171.6620239,Clear,0
23-01-2025 02:00,2,626,6.820949315,22.1674792,16.27226782,Storm,0
23-01-2025 03:00,2,154,20.81783697,35.89879005,43.41915385,Clear,0
23-01-2025 04:00,2,541,9.567502006,24.6951547,12.78295418,Snow,0
23-01-2025 05:00,2,585,52.55885557,45.67747051,37.85676586,Clear,0
23-01-2025 06:00,2,999,90.03227312,29.12252767,76.64774837,Rain,0
23-01-2025 07:00,2,779,34.39894476,22.95061116,87.0396185,Storm,0
23-01-2025 08:00,2,531,33.00763764,18.37286223,117.2728754,Clear,0
23-01-2025 09:00,2,308,29.60135248,44.05857966,47.36677415,Snow,0
23-01-2025 10:00,2,51,91.16362425,9.268722482,193.9821224,Clear,0
23-01-2025 11:00,2,725,23.07165343,26.52340335,99.12135143,Clear,0
23-01-2025 12:00,2,847,13.83665388,8.049530351,29.88548367,Clear,0
23-01-2025 13:00,2,626,15.18612745,21.75061845,95.94968425,Rain,0
23-01-2025 14:00,2,406,14.27295362,9.175580332,185.5089652,Rain,0
23-01-2025 15:00,2,483,16.838431,18.92906563,53.58476541,Clear,0
23-01-2025 16:00,2,861,64.72973143,14.03896706,17.41121994,Clear,0
23-01-2025 17:00,2,385,53.49942482,7.88900399,90.70883489,Clear,0
23-01-2025 18:00,2,563,70.71887572,34.04038511,196.191535,Storm,0
23-01-2025 19:00,2,920,17.52164884,44.46509448,62.25470677,Clear,0
23-01-2025 20:00,2,172,91.46863179,19.75883634,129.820706,Clear,0
23-01-2025 21:00,2,808,12.4386587,29.09815944,28.6855351,Clear,0
23-01-2025 22:00,2,220,21.60422206,43.86243883,150.1119739,Clear,0
23-01-2025 23:00,2,149,88.19008712,14.30011235,10.7034573,Clear,0
24-01-2025 00:00,2,970,29.42947336,36.25001962,15.34308619,Clear,0
24-01-2025 01:00,2,131,48.48566263,5.682396094,180.6478245,Snow,0
24-01-2025 02:00,2,948,43.49372854,30.20613618,30.415605,Clear,0
24-01-2025 03:00,2,771,91.69747755,9.690216721,11.33815378,Rain,0
24-01-2025 04:00,2,510,30.19122041,33.48012959,193.4352406,Snow,0
24-01-2025 05:00,2,861,78.1520167,31.87857916,197.8131921,Clear,1
24-01-2025 06:00,2,283,20.554251,15.67173312,29.02944953,Clear,0
24-01-2025 07:00,2,692,24.35677116,13.77242109,27.58042533,Clear,0
24-01-2025 08:00,2,564,64.81994155,21.39188637,41.64231756,Storm,0
24-01-2025 09:00,2,360,10.16306934,1.908030446,37.28806183,Clear,0
24-01-2025 10:00,2,80,60.17301544,46.50940764,104.3812513,Rain,0
24-01-2025 11:00,2,107,11.0023942,30.94593464,196.9096564,Clear,0
24-01-2025 12:00,2,211,65.54370487,4.464133801,78.69263567,Clear,0
24-01-2025 13:00,2,446,8.268304803,32.11155678,173.1971464,Clear,0
24-01-2025 14:00,2,237,61.56440615,44.44317663,88.07908495,Clear,0
24-01-2025 15:00,2,920,91.47058222,8.566372119,129.0863987,Clear,0
24-01-2025 16:00,2,605,87.9857551,12.5872707,50.18628236,Rain,0
24-01-2025 17:00,2,941,64.08817506,44.2168022,192.226006,Clear,1
24-01-2025 18:00,2,537,87.06001418,20.93191368,154.8486306,Clear,0
24-01-2025 19:00,2,776,94.82201175,31.97388597,92.7056176,Clear,0
24-01-2025 20:00,2,995,5.70899834,21.71164436,146.4329506,Clear,0
24-01-2025 21:00,2,658,27.13680162,40.84395822,121.8019357,Clear,0
24-01-2025 22:00,2,694,46.81713123,4.396080879,119.8614924,Clear,0
24-01-2025 23:00,2,318,7.771139768,27.52067251,20.05241232,Rain,0
25-01-2025 00:00,2,166,64.54624986,18.57838302,199.1725836,Clear,0
25-01-2025 01:00,2,802,58.7559198,45.92104415,162.155439,Clear,1
25-01-2025 02:00,2,265,61.44295719,36.24572984,127.5619267,Clear,0
25-01-2025 03:00,2,495,28.35276577,45.82726534,73.72729456,Storm,0
25-01-2025 04:00,2,984,93.81483942,32.21720855,180.7468633,Clear,1
25-01-2025 05:00,2,153,14.41888067,31.52474816,94.90609709,Rain,0
25-01-2025 06:00,2,300,9.82624602,23.94672898,172.0943527,Snow,0
25-01-2025 07:00,2,235,44.79774436,26.34633632,26.00047212,Storm,0
25-01-2025 08:00,2,887,39.08179739,31.92473437,145.8307032,Clear,0
25-01-2025 09:00,2,378,21.60457385,32.75348558,56.63634788,Rain,0
25-01-2025 10:00,2,178,68.97487425,31.11047355,179.5691279,Clear,0
25-01-2025 11:00,2,179,7.343645681,20.93802314,51.93282421,Clear,0
25-01-2025 12:00,2,188,70.04889057,11.39198064,55.40955924,Clear,0
25-01-2025 13:00,2,877,24.64577922,46.32816327,79.56149241,Clear,0
25-01-2025 14:00,2,721,37.44918677,17.58683709,11.34744443,Clear,0
25-01-2025 15:00,2,932,43.75409274,49.03279918,133.5215124,Rain,0
25-01-2025 16:00,2,353,9.261752975,31.50480253,68.69436734,Clear,0
25-01-2025 17:00,2,648,17.73236496,6.672242266,170.3953202,Clear,0
25-01-2025 18:00,2,605,50.96834013,44.979084,182.4746363,Clear,0
25-01-2025 19:00,2,805,25.4829277,40.87180327,51.2496136,Clear,0
25-01-2025 20:00,2,264,85.7626098,15.16836639,190.9294149,Clear,0
25-01-2025 21:00,2,777,96.66821714,14.40355942,85.9350204,Storm,0
25-01-2025 22:00,2,80,52.74986098,13.63114592,143.2590765,Clear,0
25-01-2025 23:00,2,51,68.26498078,41.31021596,12.52342866,Clear,0
26-01-2025 00:00,2,910,72.80209457,41.08913348,136.7930514,Clear,0
26-01-2025 01:00,2,682,77.68914074,24.77924107,38.38251088,Clear,0
26-01-2025 02:00,2,868,86.69436785,11.43873067,125.4779033,Clear,0
26-01-2025 03:00,2,340,54.24471902,4.572024142,129.0982518,Clear,0
26-01-2025 04:00,2,736,16.34764398,31.49284597,187.5398412,Clear,0
26-01-2025 05:00,2,153,76.58018252,7.491062161,113.9139476,Clear,0
26-01-2025 06:00,2,547,29.76413999,15.54788804,10.11922816,Storm,0
26-01-2025 07:00,2,305,13.61848386,13.87207837,176.2055519,Clear,0
26-01-2025 08:00,2,547,6.51242539,31.1929653,192.5575892,Snow,0
26-01-2025 09:00,2,576,27.20059264,32.32088964,54.77968157,Rain,0
26-01-2025 10:00,2,329,81.21367203,19.87020003,89.39795936,Clear,0
26-01-2025 11:00,2,360,45.61647626,8.882154381,143.0660989,Rain,0
26-01-2025 12:00,2,831,60.22549687,4.867562897,46.41755058,Clear,0
26-01-2025 13:00,2,235,55.89045219,20.31533424,171.1585944,Clear,0
26-01-2025 14:00,2,638,81.51929689,17.59195023,20.5322679,Clear,0
26-01-2025 15:00,2,122,36.66348669,25.10447318,118.8267769,Clear,0
26-01-2025 16:00,2,681,51.21586274,17.36823187,30.29598866,Clear,0
26-01-2025 17:00,2,902,15.09526096,39.14299193,42.40222929,Clear,0
26-01-2025 18:00,2,930,8.340128776,16.83411565,113.3806385,Clear,0
26-01-2025 19:00,2,573,33.35684432,33.94573104,72.46442424,Clear,0
26-01-2025 20:00,2,337,28.12936919,23.43046602,154.3088283,Clear,0
26-01-2025 21:00,2,653,68.08313815,12.64044071,102.9630596,Clear,0
26-01-2025 22:00,2,616,58.55502464,11.04398241,150.9791243,Clear,0
26-01-2025 23:00,2,75,82.7385484,34.48299177,44.8771817,Rain,0
27-01-2025 00:00,2,592,35.32640329,45.38967189,34.06105385,Clear,0
27-01-2025 01:00,2,281,27.26515861,7.054757883,33.50126162,Clear,0
27-01-2025 02:00,2,908,40.74463629,46.24101503,113.5166884,Clear,0
27-01-2025 03:00,2,843,51.88664766,23.22506767,17.22934388,Rain,0
27-01-2025 04:00,2,135,9.942256728,6.568655896,10.74449124,Storm,0
27-01-2025 05:00,2,848,87.20298312,30.53947264,148.2319212,Clear,0
27-01-2025 06:00,2,576,32.04410019,19.42258987,153.6989184,Clear,0
27-01-2025 07:00,2,971,34.78034919,31.4072855,131.2865124,Clear,0
27-01-2025 08:00,2,215,65.55323571,40.28946909,98.61117296,Clear,0
27-01-2025 09:00,2,172,75.33593821,6.782295304,153.7424418,Clear,0
27-01-2025 10:00,2,959,51.30060675,31.62948608,189.7755099,Clear,1
27-01-2025 11:00,2,509,21.47262629,36.51456177,106.017197,Clear,0
27-01-2025 12:00,2,842,75.61852508,36.4431849,35.85068454,Rain,0
27-01-2025 13:00,2,749,92.70152892,1.776740269,148.6854687,Snow,0
27-01-2025 14:00,2,895,47.75609619,11.03125324,117.6384515,Clear,0
27-01-2025 15:00,2,707,10.01845992,31.66621855,20.35676271,Rain,0
27-01-2025 16:00,2,275,89.12814714,1.490510117,177.6577454,Clear,0
27-01-2025 17:00,2,883,35.28764567,30.08132438,49.92237743,Clear,0
27-01-2025 18:00,2,205,42.00402246,12.81215295,12.98222206,Clear,0
27-01-2025 19:00,2,393,17.88452852,8.135803689,142.5120073,Clear,0
27-01-2025 20:00,2,339,99.98567823,1.107023,131.3478009,Clear,0
27-01-2025 21:00,2,323,85.00840443,11.25599772,23.77924022,Rain,0
27-01-2025 22:00,2,968,89.9306838,26.56387827,59.90724971,Rain,0
27-01-2025 23:00,2,91,29.56294005,17.52341203,86.4294786,Clear,0
28-01-2025 00:00,2,667,89.43148596,34.93318663,56.27038439,Snow,0
28-01-2025 01:00,2,354,30.45456126,26.48953578,117.490985,Clear,0
28-01-2025 02:00,2,342,80.85308298,35.65418809,46.1725394,Clear,0
28-01-2025 03:00,2,525,9.486363267,9.645548753,191.6216028,Clear,0
28-01-2025 04:00,2,413,42.07266221,29.34963268,183.1549451,Clear,0
28-01-2025 05:00,2,784,41.45838351,48.63188744,40.24022596,Clear,0
28-01-2025 06:00,2,921,87.34804114,44.80467982,184.7605886,Clear,1
28-01-2025 07:00,2,923,74.27504011,25.51423542,88.87957845,Clear,0
28-01-2025 08:00,2,222,80.75495262,36.28545534,26.36579659,Clear,0
28-01-2025 09:00,2,168,32.28065269,17.05961407,31.96506602,Clear,0
28-01-2025 10:00,2,196,63.86034632,33.51102691,168.8953495,Clear,0
28-01-2025 11:00,2,443,49.9341064,26.46456653,46.20944884,Clear,0
28-01-2025 12:00,2,481,52.58327756,49.08964982,28.50157853,Clear,0
28-01-2025 13:00,2,270,94.3835911,33.87237946,136.2405195,Clear,0
28-01-2025 14:00,2,763,61.1322954,32.98367807,58.57658243,Clear,0
28-01-2025 15:00,2,672,85.69964065,27.51898452,162.7333784,Clear,0
28-01-2025 16:00,2,306,72.7926998,11.16806327,118.0744199,Snow,0
28-01-2025 17:00,2,943,55.86917022,5.172038191,67.5595819,Rain,0
28-01-2025 18:00,2,803,95.41172861,16.66632162,174.9386504,Snow,1
28-01-2025 19:00,2,813,68.84499135,35.40568149,80.62812708,Clear,0
28-01-2025 20:00,2,737,47.05221058,24.77807037,157.8027873,Clear,0
28-01-2025 21:00,2,871,52.87173741,1.662168473,78.94450523,Clear,0
28-01-2025 22:00,2,944,39.36798963,26.68848131,137.4381918,Clear,0
28-01-2025 23:00,2,58,37.50770855,10.52871244,116.7701409,Clear,0
29-01-2025 00:00,2,246,7.783447095,31.28704531,106.8066859,Clear,0
29-01-2025 01:00,2,874,45.49828315,22.67443744,137.0474681,Clear,0
29-01-2025 02:00,2,956,49.3348998,3.582779703,17.13758361,Rain,0
29-01-2025 03:00,2,679,30.38957509,21.65404794,27.93552042,Clear,0
29-01-2025 04:00,2,434,23.04380065,23.5748964,64.3931738,Clear,0
29-01-2025 05:00,2,894,68.84187741,32.13596811,163.0951445,Rain,1
29-01-2025 06:00,2,696,30.99830657,49.0202677,123.2891293,Rain,0
29-01-2025 07:00,2,152,54.22954456,2.838904219,118.1537403,Snow,0
29-01-2025 08:00,2,289,47.51252354,47.79612306,184.7306325,Clear,0
29-01-2025 09:00,2,424,11.16543156,23.82055331,55.64655351,Clear,0
29-01-2025 10:00,2,142,29.40685705,40.23933171,130.1032614,Clear,0
29-01-2025 11:00,2,594,83.86927401,33.53659918,74.28989453,Snow,0
29-01-2025 12:00,2,929,69.35901865,26.7627465,146.4393302,Clear,0
29-01-2025 13:00,2,790,96.94713377,44.60198331,124.101606,Clear,0
29-01-2025 14:00,2,906,66.33160791,44.71088415,149.246716,Clear,0
29-01-2025 15:00,2,111,75.55041902,14.70857961,117.3409955,Clear,0
29-01-2025 16:00,2,101,76.26527913,34.97664182,198.2221201,Clear,0
29-01-2025 17:00,2,431,85.65915712,22.73864169,184.5619879,Clear,0
29-01-2025 18:00,2,625,88.83191318,10.97204431,175.9386124,Clear,0
29-01-2025 19:00,2,580,54.65739814,2.156006421,88.60925054,Clear,0
29-01-2025 20:00,2,661,9.539229645,18.25931778,172.7486778,Clear,0
29-01-2025 21:00,2,634,34.54566535,44.41018361,157.2364097,Rain,0
29-01-2025 22:00,2,273,30.59469949,44.48464285,36.08764128,Clear,0
29-01-2025 23:00,2,231,14.77598339,36.7763792,83.57674916,Rain,0
30-01-2025 00:00,2,943,61.12643068,36.3510087,188.8429965,Snow,1
30-01-2025 01:00,2,893,12.17566057,31.27546607,136.5129756,Clear,0
30-01-2025 02:00,2,363,16.98307751,26.94714714,61.08369355,Clear,0
30-01-2025 03:00,2,428,67.39744695,10.712107,37.36061254,Storm,0
30-01-2025 04:00,2,935,51.00024824,4.116470383,114.8207139,Rain,0
30-01-2025 05:00,2,939,45.8826015,16.69463838,182.2641264,Clear,1
30-01-2025 06:00,2,750,43.5428703,3.013035883,75.98481012,Clear,0
30-01-2025 07:00,2,925,88.90334003,47.46172683,102.4826992,Rain,0
30-01-2025 08:00,2,94,56.12149595,4.456953122,187.4662683,Rain,0
30-01-2025 09:00,2,721,83.27015625,32.72846998,194.0994355,Rain,0
30-01-2025 10:00,2,339,76.60797919,31.47845025,112.6150712,Rain,0
30-01-2025 11:00,2,601,61.28688052,24.64215997,128.2893256,Clear,0
30-01-2025 12:00,2,311,15.67666357,14.15674095,103.5563342,Rain,0
30-01-2025 13:00,2,561,72.89612846,30.58584511,66.79596852,Clear,0
30-01-2025 14:00,2,178,41.92410131,22.7413709,179.3496478,Clear,0
30-01-2025 15:00,2,952,26.06905173,39.24308578,48.22329413,Clear,0
30-01-2025 16:00,2,939,84.90519435,2.762322054,135.0959231,Clear,0
30-01-2025 17:00,2,269,91.93818794,42.87125636,139.803357,Clear,0
30-01-2025 18:00,2,129,88.04036621,2.492432595,27.26654229,Snow,0
30-01-2025 19:00,2,751,85.30634769,36.63097768,196.3446231,Clear,0
30-01-2025 20:00,2,920,64.59484302,24.11323958,192.3589194,Clear,1
30-01-2025 21:00,2,854,99.86327663,2.216043361,168.6963714,Clear,1
30-01-2025 22:00,2,126,86.54509364,12.39758925,31.94611457,Clear,0
30-01-2025 23:00,2,587,12.16415672,13.26757775,137.1699291,Snow,0
31-01-2025 00:00,2,408,72.88342288,31.54717484,194.4053874,Clear,0
01-01-2025 00:00,3,622,30.51689863,25.24647163,26.362061,Clear,0
01-01-2025 01:00,3,676,27.86475102,37.43652336,152.5516476,Clear,0
01-01-2025 02:00,3,918,60.63716187,1.416283352,154.5911368,Rain,1
01-01-2025 03:00,3,524,57.62714524,1.07845819,63.81162592,Snow,0
01-01-2025 04:00,3,706,35.73483831,10.00683158,119.6178634,Clear,0
01-01-2025 05:00,3,725,82.78094699,6.717766877,134.6402574,Clear,0
01-01-2025 06:00,3,715,58.40053385,1.287371666,24.91687501,Snow,0
01-01-2025 07:00,3,198,97.60313512,41.45456782,21.40155659,Clear,0
01-01-2025 08:00,3,569,59.04753356,44.20373951,188.9620616,Rain,0
01-01-2025 09:00,3,685,52.67293568,22.44466883,74.54159751,Rain,0
01-01-2025 10:00,3,950,23.15090324,39.73516677,96.25217828,Clear,0
01-01-2025 11:00,3,800,63.54286169,24.66104817,84.16189806,Snow,0
01-01-2025 12:00,3,61,28.93983106,46.1170661,120.5018792,Clear,0
01-01-2025 13:00,3,106,94.72405035,11.40159825,108.8256211,Clear,0
01-01-2025 14:00,3,379,17.26118686,27.30609818,187.9483414,Clear,0
01-01-2025 15:00,3,72,13.24112037,30.66677978,20.8480045,Clear,0
01-01-2025 16:00,3,483,74.20692372,10.78381716,80.5414749,Clear,0
01-01-2025 17:00,3,100,34.0417029,26.70052814,133.8549378,Rain,0
01-01-2025 18:00,3,242,82.74426093,9.412231557,163.4879758,Clear,0
01-01-2025 19:00,3,219,75.61297515,22.4674709,165.3798018,Clear,0
01-01-2025 20:00,3,190,54.84386914,32.32936523,74.2197684,Snow,0
01-01-2025 21:00,3,872,29.30789138,20.94676219,138.7594928,Clear,0
01-01-2025 22:00,3,860,51.98672001,44.84263097,60.85700307,Clear,0
01-01-2025 23:00,3,677,73.81670382,10.28821992,179.525204,Clear,0
02-01-2025 00:00,3,960,87.17452274,16.71037542,43.88298736,Clear,0
02-01-2025 01:00,3,92,28.86324044,16.70781171,35.64591235,Clear,0
02-01-2025 02:00,3,339,39.10507297,40.6095333,83.73111011,Rain,0
02-01-2025 03:00,3,198,76.89497618,17.2680344,151.4440119,Clear,0
02-01-2025 04:00,3,335,31.51869266,32.67189049,175.9290659,Clear,0
02-01-2025 05:00,3,912,59.27663547,30.76611594,109.4000202,Snow,0
02-01-2025 06:00,3,755,55.12006413,33.11636294,54.30563534,Snow,0
02-01-2025 07:00,3,860,54.1155969,26.94906135,86.16760567,Clear,0
02-01-2025 08:00,3,334,56.63102072,4.564076827,160.124961,Clear,0
02-01-2025 09:00,3,480,31.93706104,14.9100309,101.6353516,Rain,0
02-01-2025 10:00,3,434,38.77533073,40.63406841,65.99326028,Clear,0
02-01-2025 11:00,3,792,5.371840045,12.13317621,87.21719449,Snow,0
02-01-2025 12:00,3,690,93.3425675,27.70908723,135.678579,Snow,0
02-01-2025 13:00,3,501,52.32887836,22.49472083,51.47190777,Clear,0
02-01-2025 14:00,3,216,44.4351818,5.377655212,93.17848069,Clear,0
02-01-2025 15:00,3,502,61.17360915,44.45520424,178.8824687,Rain,0
02-01-2025 16:00,3,174,61.62607345,5.392959331,74.09822489,Clear,0
02-01-2025 17:00,3,722,86.48759385,24.23100172,10.78017855,Clear,0
02-01-2025 18:00,3,251,37.73667659,8.888237153,117.0012338,Snow,0
02-01-2025 19:00,3,451,89.41066241,22.6534844,37.14072244,Rain,0
02-01-2025 20:00,3,250,59.1677855,43.23034734,100.6508654,Storm,0
02-01-2025 21:00,3,646,46.21936461,37.63225928,199.9527971,Rain,0
02-01-2025 22:00,3,555,57.99852244,15.911072,26.42692635,Clear,0
02-01-2025 23:00,3,330,21.68007888,9.700338066,183.8817562,Clear,0
03-01-2025 00:00,3,942,31.64323115,8.827723551,41.17208177,Clear,0
03-01-2025 01:00,3,218,56.6828467,28.42999039,108.8219288,Clear,0
03-01-2025 02:00,3,569,36.18423348,6.529186681,175.3047358,Clear,0
03-01-2025 03:00,3,519,62.32340016,40.53212898,39.81428169,Clear,0
03-01-2025 04:00,3,688,98.98159479,3.682504131,77.45290057,Clear,0
03-01-2025 05:00,3,114,61.893894,14.44617433,86.00563084,Rain,0
03-01-2025 06:00,3,595,81.4838708,42.67842967,114.6036071,Rain,0
03-01-2025 07:00,3,743,16.87087378,6.221011114,140.7879487,Clear,0
03-01-2025 08:00,3,589,96.35308701,16.32938677,28.62846224,Clear,0
03-01-2025 09:00,3,958,60.08150779,31.76532747,79.39330599,Clear,0
03-01-2025 10:00,3,369,80.97072689,37.23425804,91.00047586,Clear,0
03-01-2025 11:00,3,364,22.06741175,5.888414327,20.35725908,Clear,0
03-01-2025 12:00,3,609,50.32890572,7.413175789,54.75752757,Snow,0
03-01-2025 13:00,3,842,61.77325314,40.66194693,162.0290032,Snow,1
03-01-2025 14:00,3,635,96.74819217,11.54818324,164.1098676,Clear,0
03-01-2025 15:00,3,155,16.82124975,48.14759794,65.0857049,Snow,0
03-01-2025 16:00,3,576,53.59493588,46.00755499,181.7815955,Clear,0
03-01-2025 17:00,3,215,63.816533,8.810349354,193.9242127,Snow,0
03-01-2025 18:00,3,874,73.32397108,37.51683282,107.7459625,Clear,0
03-01-2025 19:00,3,720,44.54706821,22.99371692,123.8120984,Clear,0
03-01-2025 20:00,3,651,46.03226046,19.91886025,141.0665017,Clear,0
03-01-2025 21:00,3,887,36.06564301,31.76997803,62.28614024,Snow,0
03-01-2025 22:00,3,177,40.17784131,12.08142839,175.8377445,Rain,0
03-01-2025 23:00,3,475,55.57422231,15.86484983,84.63942453,Clear,0
04-01-2025 00:00,3,193,19.46757347,13.93480047,91.22643594,Rain,0
04-01-2025 01:00,3,465,37.32118447,42.94033429,92.58884818,Clear,0
04-01-2025 02:00,3,145,51.13491973,35.50460225,15.66019577,Clear,0
04-01-2025 03:00,3,379,35.56020503,23.80886165,189.2072114,Snow,0
04-01-2025 04:00,3,599,15.0964586,42.25719287,101.7424053,Clear,0
04-01-2025 05:00,3,730,90.57221543,46.57026351,82.87780429,Clear,0
04-01-2025 06:00,3,359,15.60541329,6.654745006,162.2924975,Clear,0
04-01-2025 07:00,3,330,26.82304695,10.77900918,17.17905625,Clear,0
04-01-2025 08:00,3,285,9.972981951,12.31798622,162.363651,Snow,0
04-01-2025 09:00,3,751,90.81692062,4.41484414,21.06132729,Snow,0
04-01-2025 10:00,3,102,32.72738182,9.465108596,82.07946366,Snow,0
04-01-2025 11:00,3,985,14.39296755,40.79679978,174.5444062,Clear,1
04-01-2025 12:00,3,485,58.75941748,31.16207854,17.51592625,Clear,0
04-01-2025 13:00,3,125,31.77020651,36.3771742,173.7562783,Clear,0
04-01-2025 14:00,3,600,45.57568241,7.308967431,190.0484951,Clear,0
04-01-2025 15:00,3,491,59.08679003,19.75373037,153.8659327,Clear,0
04-01-2025 16:00,3,762,87.37945435,33.97740015,18.92324026,Clear,0
04-01-2025 17:00,3,962,88.8123327,8.20373279,145.0699228,Storm,0
04-01-2025 18:00,3,705,76.50907809,24.21489133,94.88671018,Clear,0
04-01-2025 19:00,3,317,89.31648123,32.42201975,88.5924673,Clear,0
04-01-2025 20:00,3,610,55.47729556,20.586258,191.203689,Clear,0
04-01-2025 21:00,3,304,45.07383437,34.8737867,181.5375683,Snow,0
04-01-2025 22:00,3,512,49.72755984,10.74755921,124.3204556,Clear,0
04-01-2025 23:00,3,298,56.92841927,22.36630173,152.2477133,Rain,0
05-01-2025 00:00,3,999,17.58455063,33.94184997,106.6514687,Rain,0
05-01-2025 01:00,3,842,84.32089363,42.28419091,67.60955681,Clear,0
05-01-2025 02:00,3,906,81.45911764,19.08039302,172.3776149,Rain,1
05-01-2025 03:00,3,754,27.79514585,5.085573635,186.4164729,Clear,0
05-01-2025 04:00,3,410,48.28443346,35.5821935,165.959645,Clear,0
05-01-2025 05:00,3,618,22.74339018,41.73104445,155.6859877,Clear,0
05-01-2025 06:00,3,398,37.88030752,41.958532,29.24246353,Clear,0
05-01-2025 07:00,3,982,28.79587994,40.48938628,63.13803274,Clear,0
05-01-2025 08:00,3,328,7.000489438,2.784846722,181.4830018,Clear,0
05-01-2025 09:00,3,881,76.02692333,27.98383669,165.1907402,Storm,1
05-01-2025 10:00,3,442,71.54321222,20.68885947,24.49746629,Rain,0
05-01-2025 11:00,3,245,41.43070664,8.459182482,136.6746825,Clear,0
05-01-2025 12:00,3,197,65.43269843,23.25650657,174.0517028,Snow,0
05-01-2025 13:00,3,655,47.6200962,27.3469143,136.0886969,Rain,0
05-01-2025 14:00,3,842,53.04841922,1.881418447,187.2265432,Clear,1
05-01-2025 15:00,3,404,74.30453509,1.996713012,48.98555715,Clear,0
05-01-2025 16:00,3,889,83.79574269,15.83128131,98.87224832,Clear,0
05-01-2025 17:00,3,655,16.37594491,40.33015596,56.92342837,Snow,0
05-01-2025 18:00,3,747,48.7111324,1.743535753,63.91164689,Clear,0
05-01-2025 19:00,3,270,17.44638877,30.44690255,16.51660125,Clear,0
05-01-2025 20:00,3,332,92.82695686,26.56541806,12.54779624,Clear,0
05-01-2025 21:00,3,959,12.07069975,25.6808963,44.69877475,Clear,0
05-01-2025 22:00,3,785,88.06961535,28.98356496,11.70974488,Clear,0
05-01-2025 23:00,3,933,46.11287276,24.72504042,133.1394042,Clear,0
06-01-2025 00:00,3,649,54.79469343,14.86703114,17.21543384,Storm,0
06-01-2025 01:00,3,634,92.70625596,34.77468674,34.14949662,Clear,0
06-01-2025 02:00,3,880,35.4104634,42.0792923,134.3036958,Clear,0
06-01-2025 03:00,3,631,5.870727267,10.86855604,192.2145934,Clear,0
06-01-2025 04:00,3,325,34.71040604,24.81616573,136.1791275,Clear,0
06-01-2025 05:00,3,302,44.51179716,36.29633509,184.4741567,Clear,0
06-01-2025 06:00,3,512,20.05298182,39.59616518,69.09696678,Clear,0
06-01-2025 07:00,3,792,70.79441601,29.0229786,182.4180035,Clear,0
06-01-2025 08:00,3,861,79.50658242,29.61240042,25.66232168,Rain,0
06-01-2025 09:00,3,327,31.42364584,16.90082581,189.5732653,Clear,0
06-01-2025 10:00,3,651,57.64198552,26.83021742,155.1530073,Clear,0
06-01-2025 11:00,3,796,87.35124524,31.68670446,137.1201679,Clear,0
06-01-2025 12:00,3,180,67.33928314,24.11149596,118.6092617,Clear,0
06-01-2025 13:00,3,938,73.39615624,37.93687194,51.62124288,Clear,0
06-01-2025 14:00,3,402,34.08861245,33.12584119,55.45918392,Clear,0
06-01-2025 15:00,3,531,30.6831161,41.31525191,108.4815454,Clear,0
06-01-2025 16:00,3,293,32.33325128,37.11611236,23.31928125,Snow,0
06-01-2025 17:00,3,686,71.43472751,35.84496903,19.87355864,Snow,0
06-01-2025 18:00,3,759,76.84219103,14.5204866,181.9427572,Rain,0
06-01-2025 19:00,3,100,40.94302026,37.73656159,28.39555889,Clear,0
06-01-2025 20:00,3,205,66.99719145,23.34887681,85.57693679,Clear,0
06-01-2025 21:00,3,629,43.90828809,39.22411716,156.5327149,Clear,0
06-01-2025 22:00,3,372,61.29397736,19.61629026,105.3677603,Clear,0
06-01-2025 23:00,3,148,15.74003194,38.11383007,153.9341947,Rain,0
07-01-2025 00:00,3,948,56.46723039,7.422913224,155.5698493,Snow,1
07-01-2025 01:00,3,163,74.75944895,32.16103926,176.2476607,Clear,0
07-01-2025 02:00,3,738,93.72880476,9.99540174,58.02551339,Clear,0
07-01-2025 03:00,3,336,44.9316644,47.23410414,181.4814377,Snow,0
07-01-2025 04:00,3,158,53.36577159,8.225241954,126.2145784,Clear,0
07-01-2025 05:00,3,874,14.61056209,1.555297067,114.240518,Storm,0
07-01-2025 06:00,3,62,17.49870413,15.81155832,180.0661828,Storm,0
07-01-2025 07:00,3,122,56.90709439,28.90434922,75.20303287,Clear,0
07-01-2025 08:00,3,978,47.02740537,3.257389314,113.336805,Clear,0
07-01-2025 09:00,3,109,18.5682905,35.09819714,41.2698475,Rain,0
07-01-2025 10:00,3,51,82.8456461,45.37352474,32.75439362,Clear,0
07-01-2025 11:00,3,716,83.41854095,3.744113138,101.2204873,Clear,0
07-01-2025 12:00,3,114,82.17929747,42.81639094,183.7246841,Clear,0
07-01-2025 13:00,3,444,35.4629617,28.06456266,19.59641946,Clear,0
07-01-2025 14:00,3,289,92.87281008,39.49778834,71.89811331,Rain,0
07-01-2025 15:00,3,247,5.038146682,40.48866729,25.05742516,Clear,0
07-01-2025 16:00,3,931,47.55560123,22.83630124,180.1723891,Clear,1
07-01-2025 17:00,3,337,65.95006972,2.148214813,91.7334226,Snow,0
07-01-2025 18:00,3,975,46.00051127,38.41655029,198.5935665,Clear,1
07-01-2025 19:00,3,74,10.08977316,7.88445148,128.2843853,Clear,0
07-01-2025 20:00,3,207,86.37817194,46.45605253,190.467549,Clear,0
07-01-2025 21:00,3,317,73.62548323,4.821699454,30.16470367,Clear,0
07-01-2025 22:00,3,721,60.83005129,44.89385077,134.1055659,Clear,0
07-01-2025 23:00,3,483,65.74171004,7.322784036,91.76012133,Clear,0
08-01-2025 00:00,3,834,68.64714279,4.527060105,58.76931241,Rain,0
08-01-2025 01:00,3,611,79.98261219,2.529464457,193.7044546,Clear,0
08-01-2025 02:00,3,897,30.08122038,1.264528567,137.0159312,Storm,0
08-01-2025 03:00,3,129,67.2161767,22.69406046,190.2940815,Clear,0
08-01-2025 04:00,3,962,62.73111083,20.7308892,49.49030707,Rain,0
08-01-2025 05:00,3,263,25.38365791,37.16938699,45.9363523,Clear,0
08-01-2025 06:00,3,81,57.59939419,10.23086546,20.68687192,Clear,0
08-01-2025 07:00,3,390,27.23548863,3.439269075,61.01501448,Clear,0
08-01-2025 08:00,3,720,18.55216339,25.9450096,167.64218,Clear,0
08-01-2025 09:00,3,66,53.69474051,14.12094142,96.4406476,Clear,0
08-01-2025 10:00,3,604,78.84658884,28.27742058,132.6942655,Clear,0
08-01-2025 11:00,3,385,56.72382655,9.253587005,154.4882752,Storm,0
08-01-2025 12:00,3,734,73.08826565,35.59352975,54.49782136,Clear,0
08-01-2025 13:00,3,477,56.35804446,42.63040857,101.2256385,Clear,0
08-01-2025 14:00,3,698,60.01733138,10.26480504,181.1724688,Clear,0
08-01-2025 15:00,3,413,33.31546932,21.70442963,66.68417128,Clear,0
08-01-2025 16:00,3,521,55.09453509,20.73649117,121.8739513,Clear,0
08-01-2025 17:00,3,615,21.60473793,49.36790421,116.6185404,Clear,0
08-01-2025 18:00,3,252,31.87416143,44.84859083,14.59914844,Clear,0
08-01-2025 19:00,3,440,66.73707256,2.210167587,163.9492348,Clear,0
08-01-2025 20:00,3,525,75.19818813,40.81801932,34.43011992,Clear,0
08-01-2025 21:00,3,668,28.74066356,4.214437482,141.2169094,Clear,0
08-01-2025 22:00,3,935,52.92035088,29.668813,107.5023031,Clear,0
08-01-2025 23:00,3,265,21.69294835,30.25871438,90.59516059,Clear,0
09-01-2025 00:00,3,306,83.38781319,24.7775246,113.2471119,Clear,0
09-01-2025 01:00,3,674,13.16148688,35.99183791,47.28451352,Clear,0
09-01-2025 02:00,3,555,67.04798966,8.275675967,115.3171341,Clear,0
09-01-2025 03:00,3,669,34.41502195,33.52298367,136.4990363,Clear,0
09-01-2025 04:00,3,340,22.42350812,22.15135049,165.3374126,Rain,0
09-01-2025 05:00,3,116,25.01713318,12.14915997,63.1242722,Clear,0
09-01-2025 06:00,3,939,78.65653334,23.08459685,153.185925,Storm,1
09-01-2025 07:00,3,225,72.25504354,28.31381249,58.64402288,Clear,0
09-01-2025 08:00,3,220,23.5353379,44.73795507,97.14348064,Clear,0
09-01-2025 09:00,3,316,87.77669127,49.94633029,125.4749261,Clear,0
09-01-2025 10:00,3,110,35.44625528,49.81854341,170.6547271,Clear,0
09-01-2025 11:00,3,940,39.98806943,19.29878497,82.87155736,Rain,0
09-01-2025 12:00,3,104,84.13559044,35.21051918,65.36887635,Clear,0
09-01-2025 13:00,3,720,87.72573137,26.12474509,85.66754462,Clear,0
09-01-2025 14:00,3,699,18.31571617,27.6649743,11.52154673,Clear,0
09-01-2025 15:00,3,613,18.13332874,22.53380334,104.3013265,Clear,0
09-01-2025 16:00,3,786,88.38273127,40.84434943,191.9877413,Snow,0
09-01-2025 17:00,3,376,15.3888108,20.46727335,74.00106327,Clear,0
09-01-2025 18:00,3,963,25.20906178,30.5757036,105.6877882,Snow,0
09-01-2025 19:00,3,686,68.53155917,27.60102849,168.249783,Clear,0
09-01-2025 20:00,3,246,80.27712366,12.03675521,139.4774219,Clear,0
09-01-2025 21:00,3,561,62.6354857,46.59198143,169.0162882,Storm,0
09-01-2025 22:00,3,552,96.35219243,38.71246603,102.7788321,Clear,0
09-01-2025 23:00,3,91,27.72505336,39.56181417,20.71255223,Clear,0
10-01-2025 00:00,3,698,67.4899341,47.99650231,186.9071552,Rain,0
10-01-2025 01:00,3,275,60.61066517,27.83318893,131.6918257,Clear,0
10-01-2025 02:00,3,688,41.49527201,41.96083901,38.24031096,Clear,0
10-01-2025 03:00,3,497,71.6228675,39.66298961,76.68536855,Clear,0
10-01-2025 04:00,3,570,32.77943297,43.8699645,156.6387584,Clear,0
10-01-2025 05:00,3,794,20.84882197,3.287556175,158.1110195,Clear,0
10-01-2025 06:00,3,399,62.35570741,6.157992962,118.809735,Clear,0
10-01-2025 07:00,3,313,55.41604303,13.50638928,138.3723721,Clear,0
10-01-2025 08:00,3,53,55.21549914,40.71958856,149.7489341,Clear,0
10-01-2025 09:00,3,632,73.45854761,25.51495266,179.8789119,Snow,0
10-01-2025 10:00,3,593,31.10579202,36.92449813,27.87136584,Storm,0
10-01-2025 11:00,3,233,19.06957587,37.56937682,11.58739379,Clear,0
10-01-2025 12:00,3,524,93.59092815,24.91711791,129.785142,Rain,0
10-01-2025 13:00,3,836,42.4624089,1.062936851,32.83025916,Clear,0
10-01-2025 14:00,3,862,44.65758697,36.80327156,109.1538361,Clear,0
10-01-2025 15:00,3,567,94.67961114,3.344101813,171.5326696,Storm,0
10-01-2025 16:00,3,882,99.07114079,11.26092898,12.23817649,Storm,0
10-01-2025 17:00,3,374,33.9346598,9.625944426,159.4399185,Clear,0
10-01-2025 18:00,3,672,35.41721091,33.84244483,45.70168187,Clear,0
10-01-2025 19:00,3,87,81.54595476,30.52305682,66.20631653,Snow,0
10-01-2025 20:00,3,209,42.7327542,13.01868594,95.19748979,Clear,0
10-01-2025 21:00,3,706,92.99659638,48.11993157,46.00312772,Clear,0
10-01-2025 22:00,3,317,19.93738818,34.84051436,107.5525545,Clear,0
10-01-2025 23:00,3,541,18.82891343,20.89938904,31.40797006,Clear,0
11-01-2025 00:00,3,222,62.30610289,16.95347549,196.883487,Clear,0
11-01-2025 01:00,3,72,92.5946362,6.121866506,34.46196855,Clear,0
11-01-2025 02:00,3,187,47.75230276,17.3018188,93.27673553,Clear,0
11-01-2025 03:00,3,366,76.81675565,32.36949956,32.77872598,Clear,0
11-01-2025 04:00,3,997,61.22175123,4.539238065,38.01607176,Clear,0
11-01-2025 05:00,3,894,82.13136592,40.58896347,46.07200545,Clear,0
11-01-2025 06:00,3,144,50.31423196,32.47163001,17.28869541,Clear,0
11-01-2025 07:00,3,630,33.40620456,16.51330496,137.5320957,Clear,0
11-01-2025 08:00,3,262,70.81611387,43.67741239,75.04347567,Rain,0
11-01-2025 09:00,3,96,88.86946661,26.86279331,108.3496674,Clear,0
11-01-2025 10:00,3,464,54.65941442,15.28781828,60.71086474,Snow,0
11-01-2025 11:00,3,628,55.33818442,31.13024771,101.6604843,Clear,0
11-01-2025 12:00,3,408,30.86713777,9.300428482,127.9555727,Rain,0
11-01-2025 13:00,3,462,11.87393949,44.17415227,58.76572108,Clear,0
11-01-2025 14:00,3,192,17.05017305,23.63433501,170.5104302,Snow,0
11-01-2025 15:00,3,530,31.33954955,49.83748062,152.6501439,Clear,0
11-01-2025 16:00,3,831,71.00862004,39.99354983,74.64108531,Clear,0
11-01-2025 17:00,3,527,56.05102309,42.19846853,16.35104129,Clear,0
11-01-2025 18:00,3,365,31.54959692,29.51139806,20.51645995,Clear,0
11-01-2025 19:00,3,119,92.61923867,21.8687646,197.2495853,Clear,0
11-01-2025 20:00,3,68,21.85389966,6.372177844,117.7362289,Snow,0
11-01-2025 21:00,3,599,14.13195591,21.80405775,187.3989922,Clear,0
11-01-2025 22:00,3,825,22.06630501,48.02011605,83.18089928,Clear,0
11-01-2025 23:00,3,656,65.21573278,45.81620627,49.6438635,Clear,0
12-01-2025 00:00,3,831,20.43898625,34.03568352,35.35908706,Rain,0
12-01-2025 01:00,3,228,49.02214584,30.37209656,42.54194803,Rain,0
12-01-2025 02:00,3,627,92.53483681,7.302578962,94.69796204,Rain,0
12-01-2025 03:00,3,304,45.40886715,13.11309761,152.1912974,Clear,0
12-01-2025 04:00,3,494,62.25364629,28.41428771,12.7614857,Clear,0
12-01-2025 05:00,3,318,42.19602446,35.95276475,135.2904169,Clear,0
12-01-2025 06:00,3,337,79.85343915,42.17961624,133.1260149,Clear,0
12-01-2025 07:00,3,487,72.33273507,13.19823272,71.64326344,Clear,0
12-01-2025 08:00,3,552,76.20405944,31.89740248,152.4238938,Clear,0
12-01-2025 09:00,3,187,48.27266105,2.510406316,177.0488241,Clear,0
12-01-2025 10:00,3,89,32.89507722,20.58032707,171.9617793,Clear,0
12-01-2025 11:00,3,582,60.23536501,27.8976937,51.67087623,Clear,0
12-01-2025 12:00,3,564,93.72537717,10.96723711,37.90989114,Snow,0
12-01-2025 13:00,3,874,27.19014125,13.91019884,17.18582594,Clear,0
12-01-2025 14:00,3,474,68.70134812,16.59924908,82.43369103,Storm,0
12-01-2025 15:00,3,397,86.18402308,13.59066268,13.97280734,Clear,0
12-01-2025 16:00,3,932,14.82251898,22.14389787,53.68449046,Clear,0
12-01-2025 17:00,3,941,64.3154063,33.0111875,23.3699405,Clear,0
12-01-2025 18:00,3,579,41.20895379,21.18076187,148.2400712,Clear,0
12-01-2025 19:00,3,911,93.31039399,10.02677507,93.00340695,Clear,0
12-01-2025 20:00,3,481,24.04455954,21.25982257,49.17851602,Snow,0
12-01-2025 21:00,3,752,67.87844686,11.16600246,182.1115365,Rain,0
12-01-2025 22:00,3,431,87.56441153,28.8476384,93.50647829,Clear,0
12-01-2025 23:00,3,947,69.62258662,42.28039232,53.40959942,Snow,0
13-01-2025 00:00,3,707,16.25386198,1.668352446,67.61171388,Clear,0
13-01-2025 01:00,3,320,84.47247716,26.10271768,35.69582634,Clear,0
13-01-2025 02:00,3,744,26.97812775,7.682184146,47.37082606,Clear,0
13-01-2025 03:00,3,641,6.37893398,29.16711286,86.43220581,Clear,0
13-01-2025 04:00,3,413,23.40311982,17.94559995,77.98982014,Clear,0
13-01-2025 05:00,3,313,78.76625372,37.70873334,72.46711462,Clear,0
13-01-2025 06:00,3,159,6.467505635,22.35098349,52.61194947,Clear,0
13-01-2025 07:00,3,951,10.1345246,23.40429056,114.4282372,Snow,0
13-01-2025 08:00,3,592,51.94497234,36.8617894,82.92033862,Snow,0
13-01-2025 09:00,3,150,43.01475092,8.374279406,105.6783141,Rain,0
13-01-2025 10:00,3,933,72.23947794,24.66758092,180.3358077,Storm,1
13-01-2025 11:00,3,960,44.46670654,20.99016751,71.66528085,Rain,0
13-01-2025 12:00,3,382,50.4712627,3.188399603,68.81626729,Clear,0
13-01-2025 13:00,3,552,42.50365509,25.11859298,177.3236097,Clear,0
13-01-2025 14:00,3,244,46.06025282,34.306564,125.7154995,Rain,0
13-01-2025 15:00,3,587,16.52016487,6.574335981,88.08251553,Clear,0
13-01-2025 16:00,3,445,97.3353303,2.840063683,70.04089734,Clear,0
13-01-2025 17:00,3,116,86.06791727,43.31108107,156.7792924,Clear,0
13-01-2025 18:00,3,191,74.17741893,16.88262352,195.7103601,Clear,0
13-01-2025 19:00,3,722,16.57947515,25.97809628,121.1995663,Clear,0
13-01-2025 20:00,3,513,9.590818841,28.59953635,133.0862379,Clear,0
13-01-2025 21:00,3,962,41.23383694,7.902561594,128.7393164,Rain,0
13-01-2025 22:00,3,360,68.03269659,17.94078236,42.56567934,Clear,0
13-01-2025 23:00,3,416,10.42760834,44.7949352,110.6637208,Clear,0
14-01-2025 00:00,3,909,99.97542086,12.95913654,155.0284469,Clear,1
14-01-2025 01:00,3,585,17.25299625,23.95460062,123.6781544,Clear,0
14-01-2025 02:00,3,559,8.115988056,21.59643407,180.0690055,Storm,0
14-01-2025 03:00,3,164,29.62545671,1.927454385,16.81962273,Snow,0
14-01-2025 04:00,3,610,92.5640336,38.11598349,149.0240018,Rain,0
14-01-2025 05:00,3,176,63.47164117,37.93524945,94.97061075,Clear,0
14-01-2025 06:00,3,369,79.29017343,39.41367339,96.11973678,Rain,0
14-01-2025 07:00,3,846,18.01331112,34.65645819,183.5269452,Clear,1
14-01-2025 08:00,3,739,16.09639023,14.3848214,49.80865262,Clear,0
14-01-2025 09:00,3,298,72.00413104,37.0363931,67.66428404,Clear,0
14-01-2025 10:00,3,322,92.64437847,28.85513791,79.10784902,Rain,0
14-01-2025 11:00,3,563,70.88343452,2.945849171,169.4875271,Clear,0
14-01-2025 12:00,3,702,42.88804506,26.58419818,86.29293022,Clear,0
14-01-2025 13:00,3,951,63.68405779,23.35997027,179.8773602,Clear,1
14-01-2025 14:00,3,692,36.96381044,29.86866249,96.34024064,Rain,0
14-01-2025 15:00,3,211,83.4906507,12.15399426,109.6429057,Rain,0
14-01-2025 16:00,3,925,66.00991552,13.03594713,30.76309462,Rain,0
14-01-2025 17:00,3,543,78.8344035,14.18355921,164.2590323,Clear,0
14-01-2025 18:00,3,312,98.0747618,14.145525,17.78586223,Rain,0
14-01-2025 19:00,3,557,75.69203514,40.48385043,61.56375576,Clear,0
14-01-2025 20:00,3,637,18.17199027,7.238282059,43.37773661,Storm,0
14-01-2025 21:00,3,61,66.9860492,38.91623668,78.08888177,Clear,0
14-01-2025 22:00,3,182,50.66156269,28.03960794,130.0372203,Clear,0
14-01-2025 23:00,3,687,42.68912204,46.96463882,39.09561211,Clear,0
15-01-2025 00:00,3,824,36.66994462,23.00704728,118.42627,Clear,0
15-01-2025 01:00,3,851,72.96643931,4.389535335,72.92957744,Clear,0
15-01-2025 02:00,3,747,62.90520843,29.67454448,80.25018407,Clear,0
15-01-2025 03:00,3,776,39.33920621,39.10633844,150.3722628,Snow,0
15-01-2025 04:00,3,853,67.76910235,47.57971221,148.6388986,Clear,0
15-01-2025 05:00,3,117,27.77236243,19.25765008,53.7651381,Clear,0
15-01-2025 06:00,3,459,55.56891457,45.36076959,25.77736398,Clear,0
15-01-2025 07:00,3,303,15.77890821,13.1306609,163.395668,Rain,0
15-01-2025 08:00,3,394,9.504485433,40.25740366,124.8323366,Clear,0
15-01-2025 09:00,3,277,75.51947333,38.75017757,104.9274983,Clear,0
15-01-2025 10:00,3,476,6.715720877,24.65369099,72.8930893,Rain,0
15-01-2025 11:00,3,634,28.00742733,9.41378946,110.6684389,Clear,0
15-01-2025 12:00,3,422,69.52004285,49.2625655,15.47890212,Clear,0
15-01-2025 13:00,3,463,17.05892548,46.74715351,174.7973814,Clear,0
15-01-2025 14:00,3,442,58.87722722,28.49640619,100.306444,Rain,0
15-01-2025 15:00,3,391,11.03589363,20.41611999,193.1253556,Clear,0
15-01-2025 16:00,3,187,88.16027002,21.35917644,86.52746553,Clear,0
15-01-2025 17:00,3,367,95.33942843,2.087937836,67.70753181,Snow,0
15-01-2025 18:00,3,880,39.76234636,12.83852064,137.7181261,Clear,0
15-01-2025 19:00,3,684,94.58696742,39.95857118,44.43754855,Rain,0
15-01-2025 20:00,3,981,16.98853365,34.21685101,118.6903814,Clear,0
15-01-2025 21:00,3,522,44.9598725,24.5661388,81.49924522,Clear,0
15-01-2025 22:00,3,744,81.54195529,6.30029999,197.4723913,Clear,0
15-01-2025 23:00,3,589,81.24327107,24.83318978,66.70562562,Clear,0
16-01-2025 00:00,3,695,98.32710268,10.70351638,35.48272831,Clear,0
16-01-2025 01:00,3,736,5.644876532,8.494216137,23.10810165,Storm,0
16-01-2025 02:00,3,873,99.1436861,26.6535381,48.89565004,Clear,0
16-01-2025 03:00,3,941,39.65771915,43.79618144,85.0481514,Clear,0
16-01-2025 04:00,3,779,40.89069827,16.51753344,138.6877523,Clear,0
16-01-2025 05:00,3,265,58.86617091,34.49602884,10.5400092,Snow,0
16-01-2025 06:00,3,214,40.83893864,33.53963194,58.46657226,Clear,0
16-01-2025 07:00,3,368,49.42095011,43.87203087,164.0573415,Storm,0
16-01-2025 08:00,3,129,6.50461674,28.33269616,82.09766231,Clear,0
16-01-2025 09:00,3,161,70.42127997,48.95404999,148.0548431,Snow,0
16-01-2025 10:00,3,558,23.29525508,5.783319266,180.5812032,Clear,0
16-01-2025 11:00,3,788,60.2568766,48.79707568,154.6771784,Clear,0
16-01-2025 12:00,3,229,24.28438812,23.14158319,161.4200258,Clear,0
16-01-2025 13:00,3,815,47.0626709,13.40938803,182.7541515,Clear,1
16-01-2025 14:00,3,135,19.50252563,35.79849006,138.6949508,Clear,0
16-01-2025 15:00,3,958,48.05985992,34.53210387,78.38366688,Clear,0
16-01-2025 16:00,3,948,91.75456637,40.09231624,185.0769699,Storm,1
16-01-2025 17:00,3,835,24.40266895,13.11305083,199.2568582,Clear,1
16-01-2025 18:00,3,322,98.19780147,31.07169051,160.7721064,Clear,0
16-01-2025 19:00,3,208,50.22196715,45.17377535,16.60059001,Clear,0
16-01-2025 20:00,3,635,67.42628971,18.88960209,126.184022,Clear,0
16-01-2025 21:00,3,231,82.47133773,25.24295778,35.41453206,Snow,0
16-01-2025 22:00,3,917,75.50909587,25.97703999,90.26470011,Clear,0
16-01-2025 23:00,3,402,22.03314235,12.06239067,14.77654789,Rain,0
17-01-2025 00:00,3,695,60.84056348,42.51754053,93.84212398,Clear,0
17-01-2025 01:00,3,574,90.26521913,22.91086472,93.02142361,Rain,0
17-01-2025 02:00,3,649,22.9892832,38.79483402,169.8735544,Clear,0
17-01-2025 03:00,3,729,71.33589639,11.18076084,13.85325983,Clear,0
17-01-2025 04:00,3,239,72.3242884,11.52787571,17.6627306,Clear,0
17-01-2025 05:00,3,855,99.34963984,38.15682824,160.7901587,Clear,1
17-01-2025 06:00,3,428,30.71408757,2.42936276,124.9693082,Clear,0
17-01-2025 07:00,3,904,41.23445766,4.854440857,42.65600348,Clear,0
17-01-2025 08:00,3,869,17.43846895,35.11485037,49.15401819,Clear,0
17-01-2025 09:00,3,143,25.03809693,33.95359781,143.8092242,Clear,0
17-01-2025 10:00,3,89,49.13536262,37.47404201,127.694564,Rain,0
17-01-2025 11:00,3,926,58.79813365,20.52162286,64.07320096,Clear,0
17-01-2025 12:00,3,578,48.94883083,39.46852122,166.0997614,Clear,0
17-01-2025 13:00,3,780,7.534292448,1.608854096,177.1639828,Clear,0
17-01-2025 14:00,3,695,8.118422388,23.92511367,132.8580154,Rain,0
17-01-2025 15:00,3,732,84.24317275,24.99549756,154.8885114,Rain,0
17-01-2025 16:00,3,964,31.78330742,27.01209268,19.82027918,Clear,0
17-01-2025 17:00,3,753,85.11378178,18.72673028,11.96566333,Clear,0
17-01-2025 18:00,3,949,77.54299556,22.91928891,160.074278,Clear,1
17-01-2025 19:00,3,775,10.97146131,24.32687971,140.9563638,Clear,0
17-01-2025 20:00,3,515,60.17002828,20.01852097,42.44445386,Clear,0
17-01-2025 21:00,3,276,20.25729891,17.69358576,71.55606219,Clear,0
17-01-2025 22:00,3,904,85.99118038,13.63903583,103.3877029,Storm,0
17-01-2025 23:00,3,241,32.690993,24.0482068,191.6867316,Rain,0
18-01-2025 00:00,3,329,96.12736636,36.06746995,159.7503597,Rain,0
18-01-2025 01:00,3,919,38.99226157,14.4974376,163.3700893,Clear,1
18-01-2025 02:00,3,487,93.49582967,29.58331259,112.2929955,Clear,0
18-01-2025 03:00,3,549,85.82395658,21.77259622,22.62989474,Clear,0
18-01-2025 04:00,3,748,47.60609666,49.05176276,76.55175043,Clear,0
18-01-2025 05:00,3,877,95.74806299,44.4984955,70.4556211,Clear,0
18-01-2025 06:00,3,986,19.23696589,29.01960979,58.19207012,Clear,0
18-01-2025 07:00,3,672,44.8133366,39.38252762,60.98456034,Clear,0
18-01-2025 08:00,3,638,34.32010161,7.385873388,47.82563944,Clear,0
18-01-2025 09:00,3,57,30.29334144,25.36291777,89.78835022,Clear,0
18-01-2025 10:00,3,277,7.102772848,32.39480101,88.64595103,Clear,0
18-01-2025 11:00,3,806,10.03935871,27.60339307,59.41192213,Clear,0
18-01-2025 12:00,3,786,58.68186689,43.07493069,32.32042079,Rain,0
18-01-2025 13:00,3,184,90.16492144,32.1747226,148.8299785,Snow,0
18-01-2025 14:00,3,489,18.45307831,32.49883615,82.57620864,Storm,0
18-01-2025 15:00,3,57,75.57538734,34.59455026,154.1888815,Clear,0
18-01-2025 16:00,3,831,99.58239917,13.38048711,92.98766217,Clear,0
18-01-2025 17:00,3,897,96.58514236,5.683147935,14.28435209,Clear,0
18-01-2025 18:00,3,453,21.25473545,43.78946348,143.9331152,Clear,0
18-01-2025 19:00,3,402,79.28549861,8.626751645,84.46882606,Clear,0
18-01-2025 20:00,3,570,44.85380239,16.50858718,16.7606077,Clear,0
18-01-2025 21:00,3,761,53.8182043,12.34756657,44.43142829,Rain,0
18-01-2025 22:00,3,473,94.40788056,43.50637415,64.63450749,Clear,0
18-01-2025 23:00,3,393,57.78362969,9.336994269,70.05992871,Clear,0
19-01-2025 00:00,3,896,62.82867951,46.42243527,136.3728338,Clear,0
19-01-2025 01:00,3,823,5.038977497,30.2129508,184.0291708,Clear,1
19-01-2025 02:00,3,390,88.98715315,23.15233701,172.8666612,Clear,0
19-01-2025 03:00,3,285,28.95922821,47.8400212,185.4269066,Clear,0
19-01-2025 04:00,3,374,20.4637296,24.96756755,160.8302256,Clear,0
19-01-2025 05:00,3,504,56.05460917,2.102712044,94.38147098,Rain,0
19-01-2025 06:00,3,976,64.08187002,48.4632946,28.03250286,Clear,0
19-01-2025 07:00,3,604,79.7981406,27.52543375,71.54015499,Clear,0
19-01-2025 08:00,3,373,95.80765411,36.97132048,135.7217273,Rain,0
19-01-2025 09:00,3,535,81.40480967,33.29862169,85.63041973,Clear,0
19-01-2025 10:00,3,101,81.24363076,42.4397205,31.94840102,Storm,0
19-01-2025 11:00,3,910,13.64844992,32.76224969,88.50695097,Clear,0
19-01-2025 12:00,3,513,11.3739046,30.09158336,156.6860393,Rain,0
19-01-2025 13:00,3,358,44.84184399,48.30512427,139.9301758,Rain,0
19-01-2025 14:00,3,92,56.49316778,46.03287557,180.9828132,Clear,0
19-01-2025 15:00,3,781,42.35119128,20.0004521,64.50470625,Clear,0
19-01-2025 16:00,3,756,99.93504548,14.13256353,72.47234287,Clear,0
19-01-2025 17:00,3,442,10.84658824,14.22870821,156.0000035,Snow,0
19-01-2025 18:00,3,305,6.771425709,40.42744317,36.20003906,Rain,0
19-01-2025 19:00,3,666,53.74233574,33.86661282,170.9974602,Clear,0
19-01-2025 20:00,3,309,62.13176367,33.11721937,11.64712707,Snow,0
19-01-2025 21:00,3,242,38.03815927,26.50550615,134.5228079,Clear,0
19-01-2025 22:00,3,464,76.51685448,41.340164,177.0854287,Clear,0
19-01-2025 23:00,3,967,70.30915638,13.2435058,131.6476738,Snow,0
20-01-2025 00:00,3,96,36.28400472,21.75348828,118.6109574,Snow,0
20-01-2025 01:00,3,511,95.28607639,47.95805664,28.56438232,Clear,0
20-01-2025 02:00,3,550,14.71129626,42.38155503,120.6479165,Storm,0
20-01-2025 03:00,3,707,6.938153015,30.61996013,62.63483529,Snow,0
20-01-2025 04:00,3,280,45.89689043,23.89482588,55.61609337,Snow,0
20-01-2025 05:00,3,727,43.87870951,15.17046445,163.7057724,Rain,0
20-01-2025 06:00,3,443,52.96310743,44.46821911,78.04750843,Clear,0
20-01-2025 07:00,3,273,31.16743458,13.98671099,111.8765331,Clear,0
20-01-2025 08:00,3,342,93.08461416,29.84071877,87.47045108,Clear,0
20-01-2025 09:00,3,93,44.21204043,12.16113874,120.9330708,Clear,0
20-01-2025 10:00,3,302,50.50220334,44.95270983,85.01214601,Storm,0
20-01-2025 11:00,3,755,46.20375177,21.19258687,16.76630855,Clear,0
20-01-2025 12:00,3,313,96.2969889,1.640750175,42.62315894,Clear,0
20-01-2025 13:00,3,259,82.0193942,47.41136023,35.827222,Clear,0
20-01-2025 14:00,3,371,8.254806665,9.347995288,104.9440779,Clear,0
20-01-2025 15:00,3,898,55.7039143,8.047889079,11.7559018,Rain,0
20-01-2025 16:00,3,956,88.75907848,20.33834431,140.4491155,Clear,0
20-01-2025 17:00,3,583,13.25925827,11.92455042,45.73112763,Clear,0
20-01-2025 18:00,3,345,80.11677586,1.58299378,65.69962903,Clear,0
20-01-2025 19:00,3,139,96.47269693,29.88406935,99.52278628,Clear,0
20-01-2025 20:00,3,397,38.23577243,31.74780156,159.0375422,Clear,0
20-01-2025 21:00,3,157,52.91999877,37.45842311,105.6116494,Clear,0
20-01-2025 22:00,3,473,65.58177085,25.79807169,146.2716539,Rain,0
20-01-2025 23:00,3,788,89.46633879,42.41605235,109.8320797,Clear,0
21-01-2025 00:00,3,214,90.56327799,41.3593033,139.7181866,Rain,0
21-01-2025 01:00,3,925,41.91045906,43.42063462,147.6402447,Clear,0
21-01-2025 02:00,3,805,25.3053249,33.20862243,90.68901236,Clear,0
21-01-2025 03:00,3,635,28.94663925,23.25420604,83.3132949,Storm,0
21-01-2025 04:00,3,845,47.55956819,6.918196599,90.96190298,Clear,0
21-01-2025 05:00,3,852,44.7821041,22.16034092,20.24719074,Clear,0
21-01-2025 06:00,3,881,63.65896105,38.27240576,101.3374567,Snow,0
21-01-2025 07:00,3,900,62.92227858,10.62764997,57.77172892,Clear,0
21-01-2025 08:00,3,524,39.3203069,11.45479033,83.15962905,Rain,0
21-01-2025 09:00,3,353,74.98192815,6.564662508,163.142225,Clear,0
21-01-2025 10:00,3,933,20.61730501,40.40135306,160.4725927,Clear,1
21-01-2025 11:00,3,607,56.11641732,45.47320293,170.8226835,Clear,0
21-01-2025 12:00,3,391,44.08403852,47.4389074,34.01032697,Storm,0
21-01-2025 13:00,3,634,31.46395555,38.80785436,76.73632813,Rain,0
21-01-2025 14:00,3,165,34.34178543,33.28391481,117.6243002,Clear,0
21-01-2025 15:00,3,678,16.11928191,10.06137492,31.5815903,Clear,0
21-01-2025 16:00,3,577,10.48987872,7.892013622,146.160068,Clear,0
21-01-2025 17:00,3,673,7.198943332,25.51634913,101.8857113,Clear,0
21-01-2025 18:00,3,270,77.5434534,13.65495354,101.349372,Storm,0
21-01-2025 19:00,3,671,76.51761748,14.81796828,51.5709268,Clear,0
21-01-2025 20:00,3,83,16.67656234,10.95045905,86.37086568,Rain,0
21-01-2025 21:00,3,127,63.927422,15.42039493,26.4246931,Rain,0
21-01-2025 22:00,3,56,59.82006746,17.77101405,25.93601032,Storm,0
21-01-2025 23:00,3,929,96.96199132,35.44442988,35.97723251,Clear,0
22-01-2025 00:00,3,337,36.25554432,20.18125927,59.80146468,Clear,0
22-01-2025 01:00,3,381,67.2644912,1.404999599,158.1924875,Clear,0
22-01-2025 02:00,3,552,32.78197144,40.11537683,158.8339715,Clear,0
22-01-2025 03:00,3,702,86.09484321,12.85445868,176.4955462,Clear,0
22-01-2025 04:00,3,451,22.61412269,26.08888821,198.5259638,Clear,0
22-01-2025 05:00,3,827,92.41081227,24.04451491,15.50938142,Clear,0
22-01-2025 06:00,3,989,46.87269853,49.73339789,89.8137361,Clear,0
22-01-2025 07:00,3,991,64.09280053,25.78137262,165.2494053,Snow,1
22-01-2025 08:00,3,935,83.29709996,36.45686245,168.2098125,Clear,1
22-01-2025 09:00,3,77,66.66265719,18.1615941,184.248716,Clear,0
22-01-2025 10:00,3,736,14.35129736,45.92352233,116.4326602,Clear,0
22-01-2025 11:00,3,288,36.63572514,19.30474802,50.71701374,Clear,0
22-01-2025 12:00,3,411,94.14435203,45.79366662,113.8199923,Clear,0
22-01-2025 13:00,3,425,73.86273109,35.20772928,69.08487406,Clear,0
22-01-2025 14:00,3,245,42.57060266,9.557853207,171.270338,Clear,0
22-01-2025 15:00,3,933,18.30425715,16.78194819,119.9312162,Clear,0
22-01-2025 16:00,3,360,35.88047612,8.748201912,74.3200606,Clear,0
22-01-2025 17:00,3,483,62.63836008,31.71240704,131.2206147,Clear,0
22-01-2025 18:00,3,602,19.03590082,21.97804502,47.18447281,Clear,0
22-01-2025 19:00,3,183,25.48577746,5.106403796,101.749943,Clear,0
22-01-2025 20:00,3,529,62.36802162,37.01416561,30.99188931,Snow,0
22-01-2025 21:00,3,876,63.44541518,41.574121,39.92510413,Clear,0
22-01-2025 22:00,3,136,61.28187176,42.52290061,77.81097856,Clear,0
22-01-2025 23:00,3,190,26.60506423,9.394902678,136.8443256,Clear,0
23-01-2025 00:00,3,303,80.71003678,4.0817385,140.4514354,Clear,0
23-01-2025 01:00,3,285,48.92433749,20.11323722,174.0796306,Snow,0
23-01-2025 02:00,3,89,30.28504667,11.54090926,166.8218158,Storm,0
23-01-2025 03:00,3,555,59.81111926,14.45268465,166.5779532,Clear,0
23-01-2025 04:00,3,312,78.48003169,43.88092863,15.05448708,Clear,0
23-01-2025 05:00,3,497,62.87356218,42.80547595,60.27345126,Clear,0
23-01-2025 06:00,3,250,67.18378817,47.75060183,157.2805764,Rain,0
23-01-2025 07:00,3,186,74.94659038,28.99563689,22.68254842,Clear,0
23-01-2025 08:00,3,782,62.73236562,20.30491362,60.40949033,Clear,0
23-01-2025 09:00,3,541,36.23086889,36.30125141,132.3164155,Clear,0
23-01-2025 10:00,3,924,77.17352622,38.90872236,96.56711105,Clear,0
23-01-2025 11:00,3,61,71.16818243,19.42604776,189.0958449,Rain,0
23-01-2025 12:00,3,322,48.57250615,32.4736629,139.1640694,Clear,0
23-01-2025 13:00,3,973,33.12622345,26.23154527,41.42038085,Storm,0
23-01-2025 14:00,3,446,58.46719804,3.318901977,17.83328466,Clear,0
23-01-2025 15:00,3,418,46.42458831,31.8716943,74.70942811,Clear,0
23-01-2025 16:00,3,581,20.35180582,6.799350965,154.5291546,Snow,0
23-01-2025 17:00,3,194,12.97030626,3.561542241,58.15685464,Clear,0
23-01-2025 18:00,3,748,63.59760402,30.33322176,65.58268141,Clear,0
23-01-2025 19:00,3,452,87.79683967,24.76462194,68.05952727,Clear,0
23-01-2025 20:00,3,106,53.22548865,40.59031877,79.93627116,Clear,0
23-01-2025 21:00,3,760,38.08191077,35.80028257,79.14088723,Rain,0
23-01-2025 22:00,3,581,54.45420171,20.19681536,119.6532313,Rain,0
23-01-2025 23:00,3,445,25.11309395,8.119014478,70.09554626,Storm,0
24-01-2025 00:00,3,755,44.62005435,33.52612121,103.0673315,Clear,0
24-01-2025 01:00,3,525,95.54683819,26.3200662,165.630392,Clear,0
24-01-2025 02:00,3,803,84.77764878,49.86134232,65.59568987,Clear,0
24-01-2025 03:00,3,913,26.69378335,11.78538167,48.22286375,Snow,0
24-01-2025 04:00,3,102,82.12224516,37.34980297,150.0292992,Clear,0
24-01-2025 05:00,3,887,29.07282022,25.74637426,15.79434409,Clear,0
24-01-2025 06:00,3,339,30.29218198,26.21181989,30.30820614,Clear,0
24-01-2025 07:00,3,713,75.37408738,39.42517178,155.0241861,Rain,0
24-01-2025 08:00,3,426,72.02150711,37.54734768,160.9893093,Rain,0
24-01-2025 09:00,3,352,36.2885848,7.773372252,85.81768589,Storm,0
24-01-2025 10:00,3,401,8.930566334,19.56546743,16.59606891,Clear,0
24-01-2025 11:00,3,443,71.70561122,26.14777882,175.7001521,Clear,0
24-01-2025 12:00,3,300,82.35859345,26.46372693,156.5985735,Clear,0
24-01-2025 13:00,3,400,35.80979807,36.09206237,35.72958147,Clear,0
24-01-2025 14:00,3,450,80.9694493,22.2072765,103.6845749,Clear,0
24-01-2025 15:00,3,483,55.13835986,27.46143042,97.59637794,Clear,0
24-01-2025 16:00,3,865,58.43865132,20.7044266,132.3398489,Clear,0
24-01-2025 17:00,3,352,89.46740089,23.92460998,134.9144222,Snow,0
24-01-2025 18:00,3,215,96.36743544,21.37351704,124.2057064,Rain,0
24-01-2025 19:00,3,965,28.74987985,27.22090488,141.0255236,Clear,0
24-01-2025 20:00,3,699,78.77764978,28.05889173,135.5850259,Clear,0
24-01-2025 21:00,3,334,39.18884679,46.99924623,111.4464037,Clear,0
24-01-2025 22:00,3,419,21.17556803,32.01376014,89.77537064,Clear,0
24-01-2025 23:00,3,278,43.87368116,27.66482568,113.2592753,Clear,0
25-01-2025 00:00,3,603,82.73994511,32.40185268,68.97563811,Clear,0
25-01-2025 01:00,3,608,62.47025125,33.31501285,86.34079736,Snow,0
25-01-2025 02:00,3,451,93.66448613,17.34210533,51.60432415,Clear,0
25-01-2025 03:00,3,91,86.12510399,9.437519104,61.4830095,Clear,0
25-01-2025 04:00,3,696,46.65178527,2.484368098,156.4220801,Clear,0
25-01-2025 05:00,3,69,23.98793259,12.36112108,161.609206,Clear,0
25-01-2025 06:00,3,993,9.540972417,10.38317709,41.7872622,Clear,0
25-01-2025 07:00,3,83,48.6509136,49.59716504,53.10832381,Clear,0
25-01-2025 08:00,3,818,82.34983287,45.29510313,12.97222611,Snow,0
25-01-2025 09:00,3,333,50.69312337,11.09516246,167.4044623,Clear,0
25-01-2025 10:00,3,225,69.46199743,28.95750883,189.6696388,Clear,0
25-01-2025 11:00,3,447,88.14493142,26.09833982,86.8292417,Clear,0
25-01-2025 12:00,3,628,70.26048193,39.80342038,120.773543,Snow,0
25-01-2025 13:00,3,538,80.6376651,1.184617033,129.9617129,Clear,0
25-01-2025 14:00,3,585,47.88518534,13.10119798,160.0782902,Clear,0
25-01-2025 15:00,3,539,60.98039718,27.07378065,60.61175187,Snow,0
25-01-2025 16:00,3,708,52.63750488,26.5206078,95.18971773,Clear,0
25-01-2025 17:00,3,458,50.21451067,7.006574669,186.3074982,Clear,0
25-01-2025 18:00,3,987,80.76415364,8.54902099,128.7777574,Clear,0
25-01-2025 19:00,3,716,70.54661393,17.402031,142.1428072,Clear,0
25-01-2025 20:00,3,263,18.22020104,12.6120356,95.11528651,Clear,0
25-01-2025 21:00,3,598,23.94117781,16.07509928,18.04355358,Clear,0
25-01-2025 22:00,3,528,88.28500028,11.59874607,163.3664744,Rain,0
25-01-2025 23:00,3,599,21.06048617,38.96806171,34.64418902,Clear,0
26-01-2025 00:00,3,64,46.29244521,17.20895474,43.94593301,Rain,0
26-01-2025 01:00,3,772,33.16186885,14.72657182,37.74321206,Clear,0
26-01-2025 02:00,3,971,69.35934305,38.1620234,52.7321344,Clear,0
26-01-2025 03:00,3,617,36.93570717,15.22390019,112.8257306,Clear,0
26-01-2025 04:00,3,887,89.86033045,26.15565167,166.8110441,Rain,1
26-01-2025 05:00,3,97,85.40021121,36.88273776,126.0798399,Rain,0
26-01-2025 06:00,3,603,64.5161358,39.96561274,194.117149,Clear,0
26-01-2025 07:00,3,978,58.68201019,47.48654099,181.4266684,Snow,1
26-01-2025 08:00,3,791,56.41034811,5.335857889,15.01288742,Rain,0
26-01-2025 09:00,3,198,85.42077685,25.75311986,152.1266005,Clear,0
26-01-2025 10:00,3,331,51.88542887,44.15275466,85.47600498,Clear,0
26-01-2025 11:00,3,342,38.23686095,35.7078784,79.89096442,Clear,0
26-01-2025 12:00,3,742,51.83672981,39.50188347,190.0314316,Clear,0
26-01-2025 13:00,3,869,24.9177876,44.34907426,127.0826078,Clear,0
26-01-2025 14:00,3,268,12.06149738,48.89108398,170.2815197,Clear,0
26-01-2025 15:00,3,471,81.91905452,35.0882055,155.4990156,Clear,0
26-01-2025 16:00,3,334,18.08747829,19.08375181,147.1985148,Clear,0
26-01-2025 17:00,3,119,34.50709228,23.58751002,138.0602605,Clear,0
26-01-2025 18:00,3,650,49.8510907,19.76255708,57.72009626,Clear,0
26-01-2025 19:00,3,178,35.84282038,20.4155407,87.25884833,Clear,0
26-01-2025 20:00,3,665,88.25998964,10.88110535,24.86599873,Rain,0
26-01-2025 21:00,3,748,20.45196073,42.86295316,140.4858812,Clear,0
26-01-2025 22:00,3,772,56.93455249,35.75555971,19.50680892,Clear,0
26-01-2025 23:00,3,483,55.4764253,40.4734605,160.3570175,Clear,0
27-01-2025 00:00,3,737,65.10612393,43.28108492,25.17272067,Rain,0
27-01-2025 01:00,3,331,58.59205966,33.04263664,185.2983983,Clear,0
27-01-2025 02:00,3,880,6.127777934,15.73212639,119.8342593,Clear,0
27-01-2025 03:00,3,120,88.27682129,45.71176766,60.53507228,Clear,0
27-01-2025 04:00,3,262,95.1656834,49.93224864,54.72737728,Rain,0
27-01-2025 05:00,3,263,32.20477645,38.44796684,112.5270116,Clear,0
27-01-2025 06:00,3,712,7.144121174,34.65944342,65.86064383,Clear,0
27-01-2025 07:00,3,130,34.6521863,1.61715687,28.24131984,Clear,0
27-01-2025 08:00,3,917,23.88871038,25.91189286,39.90191783,Clear,0
27-01-2025 09:00,3,930,10.63434501,15.96096905,180.3485897,Clear,1
27-01-2025 10:00,3,819,30.1184083,26.85359839,108.3175918,Snow,0
27-01-2025 11:00,3,531,60.38485557,20.68100316,190.3251246,Rain,0
27-01-2025 12:00,3,620,64.24464412,28.37664274,21.30736409,Clear,0
27-01-2025 13:00,3,493,22.94266774,35.35591544,65.22216417,Clear,0
27-01-2025 14:00,3,990,59.72768351,35.12545184,41.27917685,Clear,0
27-01-2025 15:00,3,161,21.26255066,6.11963737,55.12806291,Clear,0
27-01-2025 16:00,3,901,6.35631326,30.46452439,116.9001932,Clear,0
27-01-2025 17:00,3,575,35.27623944,22.97858492,128.9865163,Clear,0
27-01-2025 18:00,3,140,38.7245289,4.554803636,137.9088067,Rain,0
27-01-2025 19:00,3,780,67.99904379,17.74388209,139.9029137,Clear,0
27-01-2025 20:00,3,181,51.26652385,40.84592522,191.3811539,Snow,0
27-01-2025 21:00,3,53,31.82772546,41.93001658,70.20053929,Rain,0
27-01-2025 22:00,3,865,88.9797888,11.14232885,184.4567001,Rain,1
27-01-2025 23:00,3,769,42.65383634,4.814118502,80.9905839,Clear,0
28-01-2025 00:00,3,201,20.21865925,1.381414543,153.0665073,Clear,0
28-01-2025 01:00,3,416,5.534974711,10.12952205,28.94797873,Clear,0
28-01-2025 02:00,3,560,33.12606487,35.8108111,42.17305291,Rain,0
28-01-2025 03:00,3,815,49.10587509,25.2705647,91.26143973,Storm,0
28-01-2025 04:00,3,454,63.48313543,5.657276474,190.6015502,Storm,0
28-01-2025 05:00,3,258,40.90699379,23.72011448,26.81923989,Clear,0
28-01-2025 06:00,3,663,60.81368555,4.020452288,192.1236653,Clear,0
28-01-2025 07:00,3,131,71.33046808,31.56483734,45.91328372,Clear,0
28-01-2025 08:00,3,353,31.22817841,11.65493407,58.29376572,Clear,0
28-01-2025 09:00,3,608,94.21532634,33.91549718,24.20172169,Clear,0
28-01-2025 10:00,3,253,97.99831647,9.447132948,77.92178966,Rain,0
28-01-2025 11:00,3,107,93.67426544,18.79349692,170.4947417,Clear,0
28-01-2025 12:00,3,420,62.39098437,33.86445063,124.4799191,Clear,0
28-01-2025 13:00,3,270,22.73963444,17.95152638,76.11404657,Clear,0
28-01-2025 14:00,3,771,9.188760558,20.30538788,89.11451233,Clear,0
28-01-2025 15:00,3,893,95.67253101,6.668085959,189.7902537,Rain,1
28-01-2025 16:00,3,847,93.59159698,13.1749577,132.0810487,Clear,0
28-01-2025 17:00,3,667,71.22365813,29.75420181,168.2280235,Clear,0
28-01-2025 18:00,3,208,28.63754996,33.40043578,144.8819587,Clear,0
28-01-2025 19:00,3,459,89.64456059,25.31262038,166.6974012,Clear,0
28-01-2025 20:00,3,572,19.80866627,11.11581639,140.6007497,Clear,0
28-01-2025 21:00,3,411,73.20401724,37.39825358,19.66225408,Clear,0
28-01-2025 22:00,3,646,43.51337628,17.52377559,12.69840967,Clear,0
28-01-2025 23:00,3,875,81.39927619,9.852090202,87.2478835,Clear,0
29-01-2025 00:00,3,601,67.68125663,22.85141796,52.68553302,Rain,0
29-01-2025 01:00,3,919,29.97780353,19.39943248,104.5737471,Clear,0
29-01-2025 02:00,3,425,22.79828968,45.5635791,108.7996436,Rain,0
29-01-2025 03:00,3,679,9.170938295,33.03123595,157.0478645,Rain,0
29-01-2025 04:00,3,612,28.16505935,8.476136991,173.2459174,Clear,0
29-01-2025 05:00,3,806,90.82373681,6.114201446,196.7107655,Snow,1
29-01-2025 06:00,3,111,32.59550113,9.093476976,185.0723895,Clear,0
29-01-2025 07:00,3,655,11.79278731,20.09321369,150.9045738,Clear,0
29-01-2025 08:00,3,212,81.28179861,21.92949402,54.37294237,Storm,0
29-01-2025 09:00,3,836,85.13052107,34.73032009,66.02446933,Snow,0
29-01-2025 10:00,3,507,23.89709731,46.88127533,13.51966958,Clear,0
29-01-2025 11:00,3,227,80.21103442,10.4647298,136.90565,Clear,0
29-01-2025 12:00,3,968,40.75681608,33.94088406,158.6552036,Clear,1
29-01-2025 13:00,3,824,35.20618401,27.06582924,107.1466246,Storm,0
29-01-2025 14:00,3,737,26.36424412,26.45299053,116.9108636,Snow,0
29-01-2025 15:00,3,813,92.15834108,46.60246269,61.38477524,Clear,0
29-01-2025 16:00,3,85,29.94227185,2.9233996,68.03440304,Rain,0
29-01-2025 17:00,3,990,44.139429,29.3669101,84.61283154,Clear,0
29-01-2025 18:00,3,503,71.31706216,20.00965626,40.38351655,Clear,0
29-01-2025 19:00,3,425,18.3739423,26.14869003,121.5640343,Clear,0
29-01-2025 20:00,3,656,53.28961096,2.174796921,69.47481739,Rain,0
29-01-2025 21:00,3,62,96.42326268,23.65542445,88.40728936,Clear,0
29-01-2025 22:00,3,434,84.37921745,48.39344713,93.34452246,Clear,0
29-01-2025 23:00,3,355,77.8820362,11.13889318,181.0446229,Clear,0
30-01-2025 00:00,3,868,55.53889024,40.64269296,158.3392187,Clear,1
30-01-2025 01:00,3,101,68.82974149,45.66929207,105.410782,Storm,0
30-01-2025 02:00,3,893,47.83584704,18.26920385,115.4328684,Clear,0
30-01-2025 03:00,3,698,66.52865026,21.66599403,37.89231003,Clear,0
30-01-2025 04:00,3,55,25.43309673,14.32117561,42.24399544,Rain,0
30-01-2025 05:00,3,575,17.60116807,26.41329584,158.0228277,Clear,0
30-01-2025 06:00,3,758,96.78691236,41.23056541,48.85185763,Clear,0
30-01-2025 07:00,3,109,48.46904053,14.14582758,169.9846014,Clear,0
30-01-2025 08:00,3,790,75.89421496,30.62602296,140.4096552,Clear,0
30-01-2025 09:00,3,304,42.55886853,38.64213162,90.78598288,Clear,0
30-01-2025 10:00,3,784,69.98236186,14.00311692,140.7129396,Rain,0
30-01-2025 11:00,3,560,66.03052444,46.61994452,169.8691228,Clear,0
30-01-2025 12:00,3,691,51.72640278,38.65492199,52.11298978,Clear,0
30-01-2025 13:00,3,507,12.56730489,4.424698783,131.6057738,Snow,0
30-01-2025 14:00,3,108,18.95517404,48.5718557,190.0206745,Snow,0
30-01-2025 15:00,3,316,82.94716224,3.19063964,153.5319091,Clear,0
30-01-2025 16:00,3,633,77.77246045,17.60125733,43.36902846,Clear,0
30-01-2025 17:00,3,196,55.67251469,26.20578957,58.78620795,Clear,0
30-01-2025 18:00,3,557,63.4630717,18.89696588,84.6292728,Clear,0
30-01-2025 19:00,3,158,9.963330452,5.681649854,135.1846667,Clear,0
30-01-2025 20:00,3,849,5.107490136,4.862085785,154.9697906,Clear,1
30-01-2025 21:00,3,593,30.13189719,26.18751015,118.8983571,Snow,0
30-01-2025 22:00,3,810,36.10685348,7.655788992,55.01592494,Rain,0
30-01-2025 23:00,3,201,17.43002433,34.11477015,116.3778015,Rain,0
31-01-2025 00:00,3,696,64.39509572,49.33272641,111.3820487,Clear,0
01-01-2025 00:00,4,191,8.045956149,5.076889009,65.74526751,Snow,0
01-01-2025 01:00,4,120,61.62286529,23.55892261,79.23787454,Clear,0
01-01-2025 02:00,4,657,73.54761885,43.28026628,100.329085,Storm,0
01-01-2025 03:00,4,718,80.20580686,24.30949983,111.9584231,Rain,0
01-01-2025 04:00,4,801,6.151851258,13.20955036,146.5735646,Clear,0
01-01-2025 05:00,4,327,16.29099496,1.732548584,179.1035912,Clear,0
01-01-2025 06:00,4,135,16.2428067,49.82607475,159.5775575,Clear,0
01-01-2025 07:00,4,667,72.47311748,6.654593056,87.29376536,Rain,0
01-01-2025 08:00,4,689,64.18242433,1.332492096,18.2566868,Snow,0
01-01-2025 09:00,4,715,10.29487502,29.12411436,173.9754681,Clear,0
01-01-2025 10:00,4,959,50.91458763,17.46254506,39.35371488,Clear,0
01-01-2025 11:00,4,554,54.55195373,46.73054421,163.1431359,Clear,0
01-01-2025 12:00,4,538,66.15611058,17.41952928,16.55573653,Clear,0
01-01-2025 13:00,4,156,32.17570491,26.32500162,60.03908761,Clear,0
01-01-2025 14:00,4,755,29.8543566,25.31887657,89.49119397,Rain,0
01-01-2025 15:00,4,393,57.70664204,21.72094695,117.4927972,Clear,0
01-01-2025 16:00,4,374,25.63628942,35.99246769,80.28938509,Clear,0
01-01-2025 17:00,4,984,22.48389831,15.5003911,146.2391084,Clear,0
01-01-2025 18:00,4,835,81.1660046,37.66556419,160.8715189,Storm,1
01-01-2025 19:00,4,782,69.5827219,41.71520205,17.90323169,Clear,0
01-01-2025 20:00,4,224,49.98910236,21.15136753,186.6890104,Clear,0
01-01-2025 21:00,4,811,91.47581827,31.89553597,120.1661369,Clear,0
01-01-2025 22:00,4,840,91.27801159,5.750654056,125.2178576,Clear,0
01-01-2025 23:00,4,127,16.63931854,11.38936467,15.61297404,Clear,0
02-01-2025 00:00,4,721,56.60590896,2.003377085,109.156271,Clear,0
02-01-2025 01:00,4,908,13.72578204,22.8059155,199.905986,Rain,1
02-01-2025 02:00,4,976,34.57722808,28.82107087,196.5000157,Snow,1
02-01-2025 03:00,4,493,33.83346186,6.321762715,99.83073561,Clear,0
02-01-2025 04:00,4,88,83.27813697,34.17796254,47.79429831,Clear,0
02-01-2025 05:00,4,329,67.82712081,15.1782681,58.16519306,Clear,0
02-01-2025 06:00,4,743,91.79861176,24.04391288,118.1386863,Snow,0
02-01-2025 07:00,4,228,41.77739835,13.31407667,41.57810199,Clear,0
02-01-2025 08:00,4,939,73.70679857,40.27867815,160.4260718,Storm,1
02-01-2025 09:00,4,387,59.21551785,24.72904371,114.4960074,Clear,0
02-01-2025 10:00,4,973,75.07229412,30.38623154,43.7386805,Clear,0
02-01-2025 11:00,4,675,11.32965985,48.82790462,191.8284361,Clear,0
02-01-2025 12:00,4,726,85.08028707,24.03470196,84.05731073,Clear,0
02-01-2025 13:00,4,944,65.25400208,18.34137769,124.6318575,Clear,0
02-01-2025 14:00,4,984,95.55088179,30.80245035,51.79989972,Clear,0
02-01-2025 15:00,4,608,8.174709497,40.9752217,95.57281048,Clear,0
02-01-2025 16:00,4,91,51.08183863,45.39934495,168.6544818,Clear,0
02-01-2025 17:00,4,867,46.36922488,13.26206994,140.5182876,Rain,0
02-01-2025 18:00,4,931,21.73462169,30.75606683,100.5585905,Snow,0
02-01-2025 19:00,4,378,94.2368265,19.05736523,20.25425467,Rain,0
02-01-2025 20:00,4,71,74.25820557,46.46269302,73.20475397,Clear,0
02-01-2025 21:00,4,444,44.59928845,28.45026073,91.57105497,Storm,0
02-01-2025 22:00,4,443,21.81911298,2.397481217,182.7677878,Clear,0
02-01-2025 23:00,4,339,8.25770944,35.41458327,63.02617587,Clear,0
03-01-2025 00:00,4,455,30.67364313,25.72741174,195.358198,Clear,0
03-01-2025 01:00,4,817,67.62823102,17.8945595,179.7932433,Clear,1
03-01-2025 02:00,4,335,87.34258022,26.44211047,198.7129528,Clear,0
03-01-2025 03:00,4,735,58.02274502,38.44055701,127.6767481,Clear,0
03-01-2025 04:00,4,468,7.417478613,32.49455626,179.6210832,Snow,0
03-01-2025 05:00,4,228,90.85788983,21.08253598,109.737476,Clear,0
03-01-2025 06:00,4,670,22.83416717,41.23880996,183.8032413,Clear,0
03-01-2025 07:00,4,707,8.585995112,29.57656293,53.69266893,Clear,0
03-01-2025 08:00,4,702,28.11094302,43.99135151,151.1526568,Snow,0
03-01-2025 09:00,4,552,93.95256157,40.56117605,130.7627616,Clear,0
03-01-2025 10:00,4,903,17.25539663,26.63337553,130.275492,Clear,0
03-01-2025 11:00,4,992,97.95697414,29.83324426,115.8208974,Clear,0
03-01-2025 12:00,4,320,77.858248,21.38980868,13.21286452,Clear,0
03-01-2025 13:00,4,325,76.94307935,12.12306367,52.0425523,Clear,0
03-01-2025 14:00,4,173,51.24667231,48.95034135,193.4340219,Clear,0
03-01-2025 15:00,4,496,73.47755007,12.81913196,41.94680632,Storm,0
03-01-2025 16:00,4,147,51.43404188,20.99172375,50.14415714,Clear,0
03-01-2025 17:00,4,544,29.81401627,26.08320394,70.72744385,Clear,0
03-01-2025 18:00,4,642,57.82498031,14.95795042,14.60564921,Clear,0
03-01-2025 19:00,4,371,21.31092935,6.024192368,126.3926336,Clear,0
03-01-2025 20:00,4,473,5.999974399,49.52833626,139.7734805,Clear,0
03-01-2025 21:00,4,412,11.93199163,41.23517912,103.6766731,Rain,0
03-01-2025 22:00,4,279,66.36660494,22.30527515,48.14567852,Clear,0
03-01-2025 23:00,4,424,48.73053206,2.933145693,12.74942189,Clear,0
04-01-2025 00:00,4,133,69.47169653,4.194788569,68.41218118,Clear,0
04-01-2025 01:00,4,185,92.8391677,20.4820016,128.7352693,Rain,0
04-01-2025 02:00,4,739,54.33160783,43.03964532,84.36183774,Snow,0
04-01-2025 03:00,4,832,50.36136479,25.23529076,103.0870331,Clear,0
04-01-2025 04:00,4,961,26.76607832,12.3577236,181.2659888,Rain,1
04-01-2025 05:00,4,869,81.99461362,41.57491759,88.19711666,Clear,0
04-01-2025 06:00,4,809,16.93320683,21.5038927,75.46676252,Clear,0
04-01-2025 07:00,4,263,48.87427128,2.038420065,53.22326927,Clear,0
04-01-2025 08:00,4,143,22.51147815,4.176876721,154.9039862,Clear,0
04-01-2025 09:00,4,153,46.76729474,22.86804676,88.07509824,Clear,0
04-01-2025 10:00,4,834,40.71619142,32.36239105,104.0109274,Rain,0
04-01-2025 11:00,4,85,6.275176936,21.71994785,45.64608782,Clear,0
04-01-2025 12:00,4,114,6.764218283,44.5434908,53.11114578,Snow,0
04-01-2025 13:00,4,230,98.651648,33.69232689,56.51951465,Rain,0
04-01-2025 14:00,4,860,21.349486,15.96615294,71.07787081,Clear,0
04-01-2025 15:00,4,218,73.67559571,32.58359458,148.3870391,Clear,0
04-01-2025 16:00,4,485,97.71839634,17.22947692,32.54458361,Clear,0
04-01-2025 17:00,4,126,97.76655323,35.31051828,105.4373264,Clear,0
04-01-2025 18:00,4,590,13.66825992,34.26832579,147.7682436,Storm,0
04-01-2025 19:00,4,734,87.45662243,31.9175518,99.86638646,Clear,0
04-01-2025 20:00,4,995,23.40519864,13.82589058,107.3922758,Clear,0
04-01-2025 21:00,4,844,66.52858883,23.13534592,194.0513755,Clear,1
04-01-2025 22:00,4,814,36.60393372,41.73941447,62.16873995,Clear,0
04-01-2025 23:00,4,974,53.07344567,17.48411681,147.9746056,Clear,0
05-01-2025 00:00,4,314,20.20704002,39.57896604,196.9913423,Clear,0
05-01-2025 01:00,4,547,35.63230257,46.38098903,160.6715502,Snow,0
05-01-2025 02:00,4,570,6.117683965,29.8063989,105.2653309,Snow,0
05-01-2025 03:00,4,796,30.75098406,15.90806926,107.751132,Rain,0
05-01-2025 04:00,4,700,83.19331526,3.056663586,99.50574163,Clear,0
05-01-2025 05:00,4,811,39.23050808,40.84402612,126.1995436,Rain,0
05-01-2025 06:00,4,491,13.4201326,46.18931262,101.2449756,Clear,0
05-01-2025 07:00,4,795,62.35403817,40.22013226,121.1484323,Storm,0
05-01-2025 08:00,4,744,92.92528556,41.61756467,30.70999807,Clear,0
05-01-2025 09:00,4,886,20.58291949,47.82036761,136.877673,Clear,0
05-01-2025 10:00,4,464,5.685894965,16.51322107,138.6662375,Clear,0
05-01-2025 11:00,4,660,79.33864078,27.66492556,39.32873628,Clear,0
05-01-2025 12:00,4,320,91.56725948,41.21074228,34.31048877,Storm,0
05-01-2025 13:00,4,883,72.77888509,1.175299685,18.84288903,Clear,0
05-01-2025 14:00,4,574,34.40075002,48.8442479,63.43940387,Storm,0
05-01-2025 15:00,4,610,41.98996099,47.07527825,91.15024694,Clear,0
05-01-2025 16:00,4,294,72.03160003,10.34966508,115.0399412,Clear,0
05-01-2025 17:00,4,639,45.1354813,39.54089788,195.0367757,Clear,0
05-01-2025 18:00,4,242,27.10937298,25.07610542,175.7684494,Rain,0
05-01-2025 19:00,4,939,38.61126891,17.34712966,17.20827946,Clear,0
05-01-2025 20:00,4,842,28.75539206,21.43538769,76.58933844,Snow,0
05-01-2025 21:00,4,983,75.25282822,48.45716429,96.53952244,Rain,0
05-01-2025 22:00,4,546,46.28772712,24.91652075,186.2103389,Clear,0
05-01-2025 23:00,4,115,55.47927901,10.86126786,64.08813447,Rain,0
06-01-2025 00:00,4,458,46.37297761,4.545076985,159.3747071,Clear,0
06-01-2025 01:00,4,855,19.8873831,37.33434536,123.8913945,Clear,0
06-01-2025 02:00,4,340,87.43201868,1.104905048,82.24582162,Rain,0
06-01-2025 03:00,4,511,37.13713126,40.59580572,33.65599833,Storm,0
06-01-2025 04:00,4,55,52.80669281,23.77442609,199.5276117,Clear,0
06-01-2025 05:00,4,575,10.03744825,12.90709379,161.137765,Clear,0
06-01-2025 06:00,4,852,72.26225948,13.45667362,173.7959763,Snow,1
06-01-2025 07:00,4,468,83.39541985,7.993370844,68.81297845,Clear,0
06-01-2025 08:00,4,808,89.20575654,27.54265438,132.81633,Clear,0
06-01-2025 09:00,4,275,75.82279311,25.76126963,133.0647242,Clear,0
06-01-2025 10:00,4,273,32.24559427,48.4932078,125.6500019,Clear,0
06-01-2025 11:00,4,290,97.43285114,8.502558843,61.16138062,Clear,0
06-01-2025 12:00,4,515,21.79190241,43.38470468,116.950967,Storm,0
06-01-2025 13:00,4,242,32.42329875,46.96140541,166.8775747,Clear,0
06-01-2025 14:00,4,203,19.94098574,32.49484378,111.8966895,Clear,0
06-01-2025 15:00,4,980,62.09745836,17.04145733,158.3795156,Rain,1
06-01-2025 16:00,4,549,75.93901153,42.49920738,81.51381432,Clear,0
06-01-2025 17:00,4,172,12.87807949,32.44699482,99.66809949,Snow,0
06-01-2025 18:00,4,959,74.67872584,20.04414408,92.26383393,Clear,0
06-01-2025 19:00,4,750,70.90542338,38.21852986,172.0669541,Storm,0
06-01-2025 20:00,4,185,30.18984182,13.51511062,126.570298,Snow,0
06-01-2025 21:00,4,586,5.097118461,30.40891527,63.9714878,Snow,0
06-01-2025 22:00,4,315,82.36982374,23.49879739,57.83980614,Clear,0
06-01-2025 23:00,4,986,20.98029222,21.80692683,97.58468993,Clear,0
07-01-2025 00:00,4,889,91.58813033,8.923926138,80.0876791,Clear,0
07-01-2025 01:00,4,722,14.8095869,3.552307439,92.84790075,Clear,0
07-01-2025 02:00,4,351,81.56317457,7.478364618,145.643771,Clear,0
07-01-2025 03:00,4,130,36.04040094,25.43778789,192.1274136,Rain,0
07-01-2025 04:00,4,530,70.99381431,38.70478398,56.51000862,Clear,0
07-01-2025 05:00,4,924,14.85436563,41.95956953,164.7652195,Clear,1
07-01-2025 06:00,4,323,28.41540141,1.441277549,54.73956923,Clear,0
07-01-2025 07:00,4,303,33.86167694,25.96465415,151.9630924,Clear,0
07-01-2025 08:00,4,328,8.331170157,2.82544015,15.00599312,Rain,0
07-01-2025 09:00,4,456,10.90194822,38.56130742,146.6501751,Snow,0
07-01-2025 10:00,4,934,72.73798836,14.40164043,33.10159641,Clear,0
07-01-2025 11:00,4,624,71.35564444,39.23270722,72.72124159,Clear,0
07-01-2025 12:00,4,58,56.6990002,37.25002222,144.1279574,Clear,0
07-01-2025 13:00,4,695,99.25201478,5.391072476,34.04680594,Rain,0
07-01-2025 14:00,4,148,60.34261452,4.479332231,179.501283,Clear,0
07-01-2025 15:00,4,902,59.52529018,42.82055266,85.64943947,Clear,0
07-01-2025 16:00,4,791,45.64485421,17.20101479,27.16052646,Clear,0
07-01-2025 17:00,4,470,82.85420228,41.43977655,22.61797987,Clear,0
07-01-2025 18:00,4,762,91.01045288,21.06406635,191.083826,Snow,0
07-01-2025 19:00,4,807,25.07005457,19.71719001,113.282854,Clear,0
07-01-2025 20:00,4,648,60.42169207,37.74936223,106.8790902,Clear,0
07-01-2025 21:00,4,851,6.902235779,28.92915813,73.55898509,Clear,0
07-01-2025 22:00,4,400,13.64612165,12.32077076,18.850189,Rain,0
07-01-2025 23:00,4,442,56.67395917,20.20030763,68.90767956,Clear,0
08-01-2025 00:00,4,523,85.31482416,15.54321005,77.31048705,Snow,0
08-01-2025 01:00,4,863,47.67968973,32.98785497,172.6677686,Clear,1
08-01-2025 02:00,4,592,43.93465542,49.54926644,99.73338322,Clear,0
08-01-2025 03:00,4,94,50.33020441,8.891264533,70.99408999,Clear,0
08-01-2025 04:00,4,792,50.77797147,28.59161962,122.8006477,Clear,0
08-01-2025 05:00,4,250,86.67423443,35.30922471,114.0705828,Clear,0
08-01-2025 06:00,4,307,10.38694188,28.62636616,50.02002723,Snow,0
08-01-2025 07:00,4,754,91.56933442,20.78407391,49.47236187,Clear,0
08-01-2025 08:00,4,383,7.296183453,16.01088418,136.5766625,Snow,0
08-01-2025 09:00,4,68,18.30613314,18.06545615,84.01434125,Clear,0
08-01-2025 10:00,4,777,25.15713634,45.65053536,187.295815,Clear,0
08-01-2025 11:00,4,127,32.62066726,31.1237767,181.5274491,Storm,0
08-01-2025 12:00,4,555,33.82014483,36.00306549,20.55994786,Clear,0
08-01-2025 13:00,4,361,57.73284714,37.38042065,51.77776804,Clear,0
08-01-2025 14:00,4,945,85.51905957,34.98726425,187.0994494,Rain,1
08-01-2025 15:00,4,469,30.22669756,29.02161478,179.9175497,Clear,0
08-01-2025 16:00,4,193,55.21128673,15.24880527,140.6253976,Clear,0
08-01-2025 17:00,4,906,99.29603821,34.29028092,187.9707061,Rain,1
08-01-2025 18:00,4,800,90.00117599,25.33946748,124.0027507,Clear,0
08-01-2025 19:00,4,768,56.18783989,22.85960105,117.3154797,Clear,0
08-01-2025 20:00,4,571,74.3731958,26.1112605,145.3024307,Clear,0
08-01-2025 21:00,4,632,5.321845558,13.01921459,143.8713461,Clear,0
08-01-2025 22:00,4,289,29.35868003,36.6577664,23.97459101,Clear,0
08-01-2025 23:00,4,824,46.52680601,35.55889758,117.8223168,Storm,0
09-01-2025 00:00,4,503,50.21303625,47.76295163,56.99676065,Rain,0
09-01-2025 01:00,4,514,14.88118316,19.99762649,52.95884679,Rain,0
09-01-2025 02:00,4,777,28.11368316,36.54519404,22.98619058,Storm,0
09-01-2025 03:00,4,575,82.05507382,44.04734324,23.57576232,Clear,0
09-01-2025 04:00,4,872,74.10274292,19.16482219,45.02996522,Clear,0
09-01-2025 05:00,4,818,30.04916857,4.185268981,80.08702742,Rain,0
09-01-2025 06:00,4,415,56.11755657,33.4471084,32.07434725,Clear,0
09-01-2025 07:00,4,908,76.22652348,7.676348689,180.5978418,Clear,1
09-01-2025 08:00,4,319,32.08765164,10.57570675,12.11937159,Clear,0
09-01-2025 09:00,4,895,36.2623546,5.648664921,199.4012887,Clear,1
09-01-2025 10:00,4,265,42.48976164,19.25097801,96.58980466,Clear,0
09-01-2025 11:00,4,632,39.59451781,42.76590211,153.7450054,Clear,0
09-01-2025 12:00,4,906,86.37397867,24.62258242,158.8120768,Clear,1
09-01-2025 13:00,4,578,23.54158843,9.104644321,157.6606273,Clear,0
09-01-2025 14:00,4,825,12.5172825,33.16710436,13.50687285,Rain,0
09-01-2025 15:00,4,417,47.85222682,1.752946286,91.02432309,Clear,0
09-01-2025 16:00,4,293,66.87693005,8.549710891,132.8416688,Clear,0
09-01-2025 17:00,4,799,52.37018311,3.207919514,45.34647166,Snow,0
09-01-2025 18:00,4,922,71.97827962,12.1166553,161.1045385,Clear,1
09-01-2025 19:00,4,754,16.17196358,47.46715964,52.71445091,Storm,0
09-01-2025 20:00,4,289,71.33976577,22.25114972,48.43190453,Clear,0
09-01-2025 21:00,4,823,68.45399073,40.51140876,41.18807071,Clear,0
09-01-2025 22:00,4,95,96.1091797,25.61773688,184.2259623,Rain,0
09-01-2025 23:00,4,458,68.58646198,31.99707015,54.1304879,Snow,0
10-01-2025 00:00,4,507,37.7216374,39.54597329,74.39788179,Rain,0
10-01-2025 01:00,4,252,68.80827543,10.61284974,137.5770259,Clear,0
10-01-2025 02:00,4,365,77.54646809,5.750618239,76.73123373,Rain,0
10-01-2025 03:00,4,289,94.98107321,30.16480886,134.9979477,Clear,0
10-01-2025 04:00,4,292,40.37806327,39.04317706,123.2260943,Clear,0
10-01-2025 05:00,4,555,38.8563309,13.55139337,58.37577257,Snow,0
10-01-2025 06:00,4,657,89.5248568,35.31501134,48.3229929,Clear,0
10-01-2025 07:00,4,565,10.24567454,47.77723815,34.42967955,Clear,0
10-01-2025 08:00,4,919,53.18437399,17.80775835,45.00740015,Clear,0
10-01-2025 09:00,4,836,26.74952193,6.959521643,79.04457109,Clear,0
10-01-2025 10:00,4,991,80.68238982,3.144526513,117.7197129,Clear,0
10-01-2025 11:00,4,576,50.14842003,42.87577057,99.55994093,Snow,0
10-01-2025 12:00,4,676,57.25368039,5.761069416,35.14280566,Clear,0
10-01-2025 13:00,4,803,94.09358466,3.627791128,105.1841674,Clear,0
10-01-2025 14:00,4,438,14.92493365,23.01549522,64.55073108,Clear,0
10-01-2025 15:00,4,935,17.77095287,40.88927839,125.160824,Snow,0
10-01-2025 16:00,4,578,16.02165178,33.97297339,92.16499832,Rain,0
10-01-2025 17:00,4,259,8.675071034,37.92169115,109.7694556,Clear,0
10-01-2025 18:00,4,107,74.06061753,49.96716615,198.1504715,Rain,0
10-01-2025 19:00,4,630,33.8904507,23.03654512,113.3148666,Clear,0
10-01-2025 20:00,4,693,12.73563043,22.35617807,115.6096927,Clear,0
10-01-2025 21:00,4,197,53.79700382,35.03255673,20.54194899,Clear,0
10-01-2025 22:00,4,115,74.50275472,13.5879925,43.28844896,Clear,0
10-01-2025 23:00,4,996,39.2748981,30.9982441,39.04855197,Clear,0
11-01-2025 00:00,4,561,17.53838481,47.83571065,162.0685242,Clear,0
11-01-2025 01:00,4,859,80.0374702,33.15575477,125.6640818,Clear,0
11-01-2025 02:00,4,669,66.52063094,46.54186151,39.18752517,Clear,0
11-01-2025 03:00,4,574,66.87539024,10.920647,179.1218759,Snow,0
11-01-2025 04:00,4,989,55.88340428,3.950797858,25.48309569,Clear,0
11-01-2025 05:00,4,832,73.09578309,30.15088503,71.71658085,Clear,0
11-01-2025 06:00,4,382,44.37255383,6.22897914,185.4096788,Rain,0
11-01-2025 07:00,4,276,87.93012939,43.31752705,80.5887193,Clear,0
11-01-2025 08:00,4,364,44.9801219,48.49351772,20.65523216,Clear,0
11-01-2025 09:00,4,801,7.451680978,1.993718715,128.2399177,Clear,0
11-01-2025 10:00,4,508,96.76947698,45.67689081,190.342396,Rain,0
11-01-2025 11:00,4,556,93.26605351,11.90353116,199.937909,Clear,0
11-01-2025 12:00,4,461,56.95704781,10.17045744,16.19860207,Snow,0
11-01-2025 13:00,4,690,43.33918728,35.41741098,115.8425272,Snow,0
11-01-2025 14:00,4,579,42.50481337,37.46437886,180.4390038,Snow,0
11-01-2025 15:00,4,527,20.75840284,8.325923337,119.6128117,Clear,0
11-01-2025 16:00,4,379,18.34724491,20.07995588,88.19559184,Clear,0
11-01-2025 17:00,4,469,75.3141924,22.95830627,188.1299375,Rain,0
11-01-2025 18:00,4,973,71.90700564,13.38763665,154.1669768,Clear,1
11-01-2025 19:00,4,893,38.90442292,15.69440126,50.629389,Clear,0
11-01-2025 20:00,4,716,59.27957712,13.43273077,162.2607275,Clear,0
11-01-2025 21:00,4,57,85.67581875,24.53307936,175.3780574,Clear,0
11-01-2025 22:00,4,420,71.37241311,13.60167967,117.1761351,Clear,0
11-01-2025 23:00,4,653,56.91963349,25.79231259,52.24707365,Clear,0
12-01-2025 00:00,4,571,65.94158506,43.96902766,138.450641,Clear,0
12-01-2025 01:00,4,709,27.86391124,43.98077161,85.09827896,Clear,0
12-01-2025 02:00,4,710,92.7873915,33.85036022,186.9406592,Clear,0
12-01-2025 03:00,4,608,90.06264543,3.475491107,136.5113793,Clear,0
12-01-2025 04:00,4,390,8.227275527,42.28042866,98.52935068,Clear,0
12-01-2025 05:00,4,696,6.470833618,14.37294086,10.46637142,Clear,0
12-01-2025 06:00,4,733,13.13477692,5.614315214,60.79261419,Clear,0
12-01-2025 07:00,4,221,92.79405517,38.99047194,119.1414118,Clear,0
12-01-2025 08:00,4,880,16.62216472,47.17774037,97.6169378,Clear,0
12-01-2025 09:00,4,726,41.70947837,20.90982856,41.69926454,Clear,0
12-01-2025 10:00,4,526,56.23807946,43.42627215,35.10724185,Clear,0
12-01-2025 11:00,4,431,61.94102611,46.92010337,41.73793845,Rain,0
12-01-2025 12:00,4,400,28.90190213,14.32629028,146.9268948,Clear,0
12-01-2025 13:00,4,576,13.65301941,3.407217801,73.60127104,Clear,0
12-01-2025 14:00,4,268,57.4430757,18.51144377,193.5388111,Storm,0
12-01-2025 15:00,4,787,33.5215756,27.0243617,87.56214629,Clear,0
12-01-2025 16:00,4,719,25.60960641,3.997416003,39.62459782,Clear,0
12-01-2025 17:00,4,745,63.71356484,36.20363226,84.48561161,Snow,0
12-01-2025 18:00,4,580,47.78705726,32.6869649,191.0327312,Rain,0
12-01-2025 19:00,4,302,49.7062225,11.35860904,111.9594918,Storm,0
12-01-2025 20:00,4,671,83.49556924,36.83590966,197.9733245,Clear,0
12-01-2025 21:00,4,457,77.82915319,18.74675912,149.4836633,Clear,0
12-01-2025 22:00,4,628,65.23732081,2.181480127,180.5750797,Clear,0
12-01-2025 23:00,4,940,24.90119116,2.489473326,92.38829151,Clear,0
13-01-2025 00:00,4,62,82.49238065,20.75976064,187.7536525,Snow,0
13-01-2025 01:00,4,937,75.87780487,11.03527472,80.50229961,Clear,0
13-01-2025 02:00,4,70,89.44400604,32.43826914,132.2753487,Snow,0
13-01-2025 03:00,4,639,85.87181016,39.00707713,64.74840292,Clear,0
13-01-2025 04:00,4,751,94.31157986,19.73398206,94.92739513,Clear,0
13-01-2025 05:00,4,139,70.37657149,49.31274157,155.7323807,Snow,0
13-01-2025 06:00,4,674,24.42326123,5.130317233,127.8060055,Clear,0
13-01-2025 07:00,4,154,37.94220683,43.25781326,172.3108616,Clear,0
13-01-2025 08:00,4,837,75.25482126,22.24371103,55.52302776,Clear,0
13-01-2025 09:00,4,502,94.58963701,9.802057492,135.9172604,Clear,0
13-01-2025 10:00,4,225,60.04759983,45.20752022,12.26184908,Clear,0
13-01-2025 11:00,4,663,55.72587196,4.022334516,49.66171766,Clear,0
13-01-2025 12:00,4,491,85.11657371,36.1823043,189.2903974,Clear,0
13-01-2025 13:00,4,283,61.34571394,19.24342558,63.21010907,Clear,0
13-01-2025 14:00,4,250,7.924724042,36.46633605,182.0390515,Rain,0
13-01-2025 15:00,4,295,41.34593825,16.96567098,55.14669804,Clear,0
13-01-2025 16:00,4,619,31.92278098,32.36442943,125.4484794,Clear,0
13-01-2025 17:00,4,353,10.9731993,31.50538136,45.84773533,Clear,0
13-01-2025 18:00,4,806,36.07369307,24.91494766,188.8166637,Clear,1
13-01-2025 19:00,4,310,62.61348868,38.01160755,181.3141435,Snow,0
13-01-2025 20:00,4,652,29.32422621,6.87477597,183.1879124,Storm,0
13-01-2025 21:00,4,445,72.48682651,33.39539875,18.35461191,Rain,0
13-01-2025 22:00,4,972,10.40564065,3.572117014,91.21033245,Snow,0
13-01-2025 23:00,4,308,11.23465956,20.67073391,155.3210997,Snow,0
14-01-2025 00:00,4,761,30.75928431,15.53885412,169.9752548,Clear,0
14-01-2025 01:00,4,712,46.81369962,40.00268893,125.8417782,Clear,0
14-01-2025 02:00,4,350,22.74089704,26.00058077,110.5296209,Snow,0
14-01-2025 03:00,4,643,68.7410956,1.946601773,105.3823986,Clear,0
14-01-2025 04:00,4,561,45.45751328,10.17148263,156.9277676,Clear,0
14-01-2025 05:00,4,454,38.06668523,17.97854348,123.1793208,Storm,0
14-01-2025 06:00,4,282,90.21865904,45.18534213,72.41672032,Storm,0
14-01-2025 07:00,4,50,39.76965879,41.63056191,85.96816728,Clear,0
14-01-2025 08:00,4,569,33.74911708,31.00335586,93.28322737,Rain,0
14-01-2025 09:00,4,360,24.76470708,16.86869344,130.9407588,Snow,0
14-01-2025 10:00,4,88,19.23995806,5.408396664,117.0429107,Clear,0
14-01-2025 11:00,4,296,87.34491682,22.37750713,18.40004135,Clear,0
14-01-2025 12:00,4,568,77.32821734,13.86173828,56.60899462,Storm,0
14-01-2025 13:00,4,343,65.20454048,11.89226164,20.14861502,Clear,0
14-01-2025 14:00,4,99,46.83341852,35.64891008,121.6571198,Clear,0
14-01-2025 15:00,4,281,26.27415116,42.80412051,58.26672571,Clear,0
14-01-2025 16:00,4,186,17.52447869,33.55287028,50.66996668,Clear,0
14-01-2025 17:00,4,81,8.695102163,36.50249303,132.5760535,Clear,0
14-01-2025 18:00,4,650,95.65455194,7.972024712,144.6108681,Clear,0
14-01-2025 19:00,4,465,74.98515821,15.56856777,21.126915,Clear,0
14-01-2025 20:00,4,410,79.06282104,30.50298968,96.4424603,Clear,0
14-01-2025 21:00,4,130,78.35447149,43.16948574,12.51394305,Clear,0
14-01-2025 22:00,4,410,94.79291508,16.37302768,94.09191443,Clear,0
14-01-2025 23:00,4,127,11.49302373,41.49353991,59.76655652,Clear,0
15-01-2025 00:00,4,949,74.32840055,9.068842863,117.5054186,Clear,0
15-01-2025 01:00,4,876,61.079641,37.40709401,184.2062175,Snow,1
15-01-2025 02:00,4,381,41.39123923,43.70922547,78.99445499,Storm,0
15-01-2025 03:00,4,244,46.60342257,42.28142387,123.361867,Rain,0
15-01-2025 04:00,4,475,5.415528317,14.41971917,123.5495087,Rain,0
15-01-2025 05:00,4,493,17.09532991,39.31967922,193.9141946,Clear,0
15-01-2025 06:00,4,363,78.07274505,22.0138637,154.106592,Clear,0
15-01-2025 07:00,4,896,94.02339782,5.285005134,116.001148,Clear,0
15-01-2025 08:00,4,290,92.56410495,46.71516488,55.95205994,Rain,0
15-01-2025 09:00,4,203,17.84664584,14.36117557,46.24332265,Snow,0
15-01-2025 10:00,4,829,26.64107179,10.76815632,90.83192691,Rain,0
15-01-2025 11:00,4,835,6.762078594,36.51050948,76.45676681,Clear,0
15-01-2025 12:00,4,522,82.66557952,49.50471595,87.3070219,Clear,0
15-01-2025 13:00,4,507,66.99005339,30.99188659,159.6942967,Clear,0
15-01-2025 14:00,4,448,74.63730041,14.19129284,95.23651804,Snow,0
15-01-2025 15:00,4,344,47.99362783,44.17866964,90.02636217,Rain,0
15-01-2025 16:00,4,86,64.8034806,24.94660225,179.093104,Rain,0
15-01-2025 17:00,4,59,16.36489175,21.41872453,23.82485149,Clear,0
15-01-2025 18:00,4,450,13.34730144,34.4709285,120.2986626,Clear,0
15-01-2025 19:00,4,829,55.373515,35.50019776,59.42203677,Snow,0
15-01-2025 20:00,4,357,71.00495487,4.901196315,122.9641927,Clear,0
15-01-2025 21:00,4,300,5.737166592,24.28935585,46.63236151,Clear,0
15-01-2025 22:00,4,776,17.4080222,48.18474373,130.6188696,Snow,0
15-01-2025 23:00,4,368,93.39023185,44.60832757,159.3020884,Clear,0
16-01-2025 00:00,4,438,26.27023716,22.7519182,102.0004825,Rain,0
16-01-2025 01:00,4,414,44.66008283,38.14560157,84.71383261,Rain,0
16-01-2025 02:00,4,891,64.07878657,2.223574121,85.9062303,Storm,0
16-01-2025 03:00,4,629,39.60762169,12.2969818,99.26362695,Clear,0
16-01-2025 04:00,4,933,57.88826944,16.64357856,84.56585813,Clear,0
16-01-2025 05:00,4,144,8.051376826,7.536562524,140.4107242,Clear,0
16-01-2025 06:00,4,481,43.15486979,41.66791795,39.33883942,Rain,0
16-01-2025 07:00,4,365,71.78173804,9.950489394,125.8750596,Rain,0
16-01-2025 08:00,4,663,59.63320433,6.643031683,89.38420075,Clear,0
16-01-2025 09:00,4,166,59.79228051,9.111229342,86.51915027,Clear,0
16-01-2025 10:00,4,955,59.49053766,47.21847988,147.3538601,Clear,0
16-01-2025 11:00,4,746,44.49183994,39.56088371,113.7446727,Clear,0
16-01-2025 12:00,4,942,51.52201245,6.470234821,97.13492714,Clear,0
16-01-2025 13:00,4,546,89.02717081,34.13545302,74.77411775,Clear,0
16-01-2025 14:00,4,81,15.37984788,47.49785788,102.8037533,Clear,0
16-01-2025 15:00,4,328,8.994255627,30.31365023,172.4158101,Clear,0
16-01-2025 16:00,4,805,21.54037852,19.52942905,162.7492708,Rain,1
16-01-2025 17:00,4,470,86.18369105,34.60687013,13.39691197,Clear,0
16-01-2025 18:00,4,211,72.69149087,19.02724334,73.96802851,Clear,0
16-01-2025 19:00,4,553,57.77335295,34.80848159,194.5663512,Clear,0
16-01-2025 20:00,4,569,79.39437424,18.15513541,52.62969726,Clear,0
16-01-2025 21:00,4,669,53.10530899,30.11112728,144.5479936,Rain,0
16-01-2025 22:00,4,853,14.68699505,4.579873656,97.82849614,Clear,0
16-01-2025 23:00,4,970,53.3751006,47.30747712,114.1587168,Storm,0
17-01-2025 00:00,4,681,72.6451807,42.25663382,98.12852516,Rain,0
17-01-2025 01:00,4,442,58.6572142,43.18559365,166.1128535,Clear,0
17-01-2025 02:00,4,672,36.87513068,17.53224873,33.33959598,Clear,0
17-01-2025 03:00,4,567,81.79464557,13.90677699,10.74657107,Clear,0
17-01-2025 04:00,4,832,89.36084037,40.61073913,108.9001514,Rain,0
17-01-2025 05:00,4,260,32.2326286,39.29302192,38.80170326,Clear,0
17-01-2025 06:00,4,995,59.32884589,15.97258999,104.1496784,Clear,0
17-01-2025 07:00,4,139,89.98119096,36.04017507,131.515227,Clear,0
17-01-2025 08:00,4,101,36.8354367,43.28966526,109.8544373,Clear,0
17-01-2025 09:00,4,870,90.47716346,17.47182358,65.9211314,Snow,0
17-01-2025 10:00,4,565,30.25094508,8.403461333,143.1338695,Clear,0
17-01-2025 11:00,4,998,41.57891759,41.98718639,190.4914518,Rain,1
17-01-2025 12:00,4,318,89.66995165,32.15785184,188.1730729,Clear,0
17-01-2025 13:00,4,847,41.64308771,45.27440588,55.40745167,Clear,0
17-01-2025 14:00,4,266,39.41169457,11.6556421,186.4727638,Clear,0
17-01-2025 15:00,4,931,71.45810115,15.37444792,165.6347421,Clear,1
17-01-2025 16:00,4,713,9.742636138,6.662278243,23.55973264,Rain,0
17-01-2025 17:00,4,337,49.08667712,23.05139709,120.9132959,Clear,0
17-01-2025 18:00,4,513,72.98926561,44.34943649,70.73312524,Clear,0
17-01-2025 19:00,4,509,70.96774611,38.63624052,168.8370453,Clear,0
17-01-2025 20:00,4,953,83.00674448,22.3140297,148.1855707,Clear,0
17-01-2025 21:00,4,672,41.37219547,26.793541,138.8884171,Clear,0
17-01-2025 22:00,4,362,39.12337323,29.44049012,24.05300558,Clear,0
17-01-2025 23:00,4,550,62.82531515,47.56391846,199.7625065,Clear,0
18-01-2025 00:00,4,960,41.16607589,27.38633589,179.4429284,Snow,1
18-01-2025 01:00,4,991,79.26585659,18.4116457,119.1113722,Rain,0
18-01-2025 02:00,4,868,12.31804,2.395706717,177.9879705,Rain,1
18-01-2025 03:00,4,234,91.02150036,2.807771157,51.76213527,Clear,0
18-01-2025 04:00,4,386,59.97821101,18.84996506,25.26012511,Snow,0
18-01-2025 05:00,4,400,52.74031454,14.2877115,190.0444753,Clear,0
18-01-2025 06:00,4,427,76.82680297,5.807824821,94.91399969,Rain,0
18-01-2025 07:00,4,598,59.22065546,38.83547274,186.3216609,Clear,0
18-01-2025 08:00,4,920,20.96860561,6.756125073,44.14168798,Storm,0
18-01-2025 09:00,4,902,17.53333345,25.27994969,30.25766183,Clear,0
18-01-2025 10:00,4,448,36.61320187,19.72362836,122.9377829,Clear,0
18-01-2025 11:00,4,658,61.90620053,42.95711502,32.31779383,Clear,0
18-01-2025 12:00,4,673,41.47422619,14.167646,133.8913764,Clear,0
18-01-2025 13:00,4,166,29.01055353,16.25887661,33.00544667,Snow,0
18-01-2025 14:00,4,372,10.69303158,1.920431978,195.0477271,Clear,0
18-01-2025 15:00,4,844,75.78761111,7.225757003,29.73602015,Rain,0
18-01-2025 16:00,4,230,71.39417809,45.30425893,162.9971365,Clear,0
18-01-2025 17:00,4,165,66.21763542,35.9886622,65.59641821,Clear,0
18-01-2025 18:00,4,772,61.20751622,16.21463487,198.9418905,Clear,0
18-01-2025 19:00,4,582,5.531444809,3.096380144,56.3720557,Clear,0
18-01-2025 20:00,4,245,8.484980512,22.0366821,153.3495803,Clear,0
18-01-2025 21:00,4,762,53.24994991,40.70008663,169.4331046,Snow,0
18-01-2025 22:00,4,442,54.14224294,4.645483594,165.1493665,Snow,0
18-01-2025 23:00,4,377,46.01310408,32.06847491,58.82732819,Clear,0
19-01-2025 00:00,4,960,95.80685964,26.20172569,161.7139614,Storm,1
19-01-2025 01:00,4,595,26.01604385,49.35303311,68.14115999,Clear,0
19-01-2025 02:00,4,225,20.20913308,19.82163065,51.6604833,Clear,0
19-01-2025 03:00,4,802,72.91131755,36.67712013,136.6423065,Snow,0
19-01-2025 04:00,4,850,75.23771163,33.3275059,53.40289624,Clear,0
19-01-2025 05:00,4,802,5.53694996,49.60785344,44.74981674,Clear,0
19-01-2025 06:00,4,861,77.10994096,4.328364904,137.9005392,Storm,0
19-01-2025 07:00,4,194,21.82786821,18.81775969,80.95820119,Storm,0
19-01-2025 08:00,4,309,59.90522538,26.84271207,40.47298543,Rain,0
19-01-2025 09:00,4,980,15.00671995,48.30879719,188.7640741,Clear,1
19-01-2025 10:00,4,993,58.0549152,41.00623892,52.17905855,Clear,0
19-01-2025 11:00,4,720,76.87916487,16.1681053,185.2049519,Clear,0
19-01-2025 12:00,4,597,91.40414506,10.23591445,163.131064,Clear,0
19-01-2025 13:00,4,504,28.11766893,43.9964806,47.81336148,Rain,0
19-01-2025 14:00,4,667,99.91362294,42.11548343,150.5435955,Snow,0
19-01-2025 15:00,4,246,78.94758336,5.573077893,42.80490621,Clear,0
19-01-2025 16:00,4,465,46.2955873,21.89559897,110.082092,Clear,0
19-01-2025 17:00,4,133,7.903994898,48.52467575,185.6947085,Snow,0
19-01-2025 18:00,4,689,89.48394876,44.15668028,153.9549472,Clear,0
19-01-2025 19:00,4,62,43.69650104,28.65262194,160.6533701,Clear,0
19-01-2025 20:00,4,138,91.5081882,1.726677959,163.7296112,Snow,0
19-01-2025 21:00,4,81,98.9241766,30.49740194,159.2673733,Rain,0
19-01-2025 22:00,4,966,64.81890193,49.358772,85.62820308,Clear,0
19-01-2025 23:00,4,989,83.43282389,46.90192353,162.5935916,Clear,1
20-01-2025 00:00,4,386,18.15205027,6.868579664,142.9980686,Clear,0
20-01-2025 01:00,4,696,16.29275503,42.6335055,192.1055677,Storm,0
20-01-2025 02:00,4,882,58.23608671,20.49990659,138.1880585,Clear,0
20-01-2025 03:00,4,753,11.11075124,39.9892526,55.75266731,Clear,0
20-01-2025 04:00,4,501,90.0933216,34.89911072,33.1074498,Clear,0
20-01-2025 05:00,4,827,55.0408221,5.701831992,86.38160961,Storm,0
20-01-2025 06:00,4,324,79.09640923,24.41598798,91.67772404,Clear,0
20-01-2025 07:00,4,253,86.37433072,36.37134775,177.9395251,Clear,0
20-01-2025 08:00,4,835,98.97249561,43.82877159,199.5790337,Clear,1
20-01-2025 09:00,4,851,74.76644593,34.62624686,70.44104106,Clear,0
20-01-2025 10:00,4,271,33.12233239,43.67369773,10.78415939,Clear,0
20-01-2025 11:00,4,953,61.39325557,26.38211448,151.2420413,Rain,1
20-01-2025 12:00,4,457,20.44968815,20.01441423,45.26477215,Rain,0
20-01-2025 13:00,4,91,71.91667746,44.62954066,184.0192206,Clear,0
20-01-2025 14:00,4,652,27.76293404,43.11685756,185.6763811,Rain,0
20-01-2025 15:00,4,473,14.34662179,17.03834625,35.86592367,Clear,0
20-01-2025 16:00,4,353,17.49921763,3.415307952,141.9276189,Rain,0
20-01-2025 17:00,4,117,36.27813048,5.30969741,143.9443634,Clear,0
20-01-2025 18:00,4,509,96.94215301,42.51071539,68.85412702,Clear,0
20-01-2025 19:00,4,241,80.34184317,27.77928621,90.20948134,Clear,0
20-01-2025 20:00,4,614,76.42089973,5.654345604,70.94523866,Clear,0
20-01-2025 21:00,4,693,84.94615443,22.12302028,86.25382919,Clear,0
20-01-2025 22:00,4,133,49.4476418,14.47697269,36.94747745,Clear,0
20-01-2025 23:00,4,325,59.4215814,20.67429646,91.52857886,Storm,0
21-01-2025 00:00,4,820,21.64630777,38.96135951,189.8903227,Clear,1
21-01-2025 01:00,4,174,84.58518215,35.67742885,87.11867299,Clear,0
21-01-2025 02:00,4,567,87.99852229,16.05893387,188.3318831,Clear,0
21-01-2025 03:00,4,679,89.77215467,34.31929,146.7979539,Clear,0
21-01-2025 04:00,4,217,93.15706087,22.00881901,175.2643495,Clear,0
21-01-2025 05:00,4,638,96.18426623,17.12769857,178.3254974,Rain,0
21-01-2025 06:00,4,698,30.02706214,11.06165409,60.20634799,Snow,0
21-01-2025 07:00,4,179,11.72739663,20.61073568,119.6152063,Snow,0
21-01-2025 08:00,4,398,33.16840251,25.99678855,136.8580507,Clear,0
21-01-2025 09:00,4,912,47.54967776,16.15417506,105.4557203,Clear,0
21-01-2025 10:00,4,946,96.01828282,11.62142953,19.27618797,Clear,0
21-01-2025 11:00,4,61,85.85372881,28.3037332,49.29979725,Clear,0
21-01-2025 12:00,4,934,48.51785552,39.82220771,14.58522795,Clear,0
21-01-2025 13:00,4,604,42.6223129,49.17883039,163.607455,Clear,0
21-01-2025 14:00,4,928,65.88709359,26.63597031,180.8376048,Rain,1
21-01-2025 15:00,4,863,53.43803535,40.73020635,93.04483572,Clear,0
21-01-2025 16:00,4,727,59.61650588,11.40832189,49.58211437,Clear,0
21-01-2025 17:00,4,164,93.40339257,21.98879693,72.9648864,Storm,0
21-01-2025 18:00,4,952,35.68914054,23.72524927,88.86484451,Clear,0
21-01-2025 19:00,4,484,50.28763353,46.10314273,147.5570104,Clear,0
21-01-2025 20:00,4,409,7.276331587,38.44680371,120.3736407,Clear,0
21-01-2025 21:00,4,168,37.93084104,10.87419215,163.4355547,Clear,0
21-01-2025 22:00,4,210,58.78766851,30.99534126,114.3577416,Clear,0
21-01-2025 23:00,4,823,78.39080563,16.90926886,150.6985985,Snow,1
22-01-2025 00:00,4,246,21.83489108,43.77874447,151.1188641,Clear,0
22-01-2025 01:00,4,838,16.27388675,2.420048922,31.44518935,Clear,0
22-01-2025 02:00,4,640,85.51865565,38.18766548,66.44530448,Clear,0
22-01-2025 03:00,4,306,95.6447886,38.89053491,187.1570443,Rain,0
22-01-2025 04:00,4,199,99.58282759,4.754370883,99.87667377,Rain,0
22-01-2025 05:00,4,959,84.54610621,44.00430471,66.9486021,Rain,0
22-01-2025 06:00,4,274,97.52435544,17.04981628,185.3973387,Clear,0
22-01-2025 07:00,4,132,68.67505025,23.71206254,126.5441813,Clear,0
22-01-2025 08:00,4,571,27.05755443,44.0587568,168.7910266,Clear,0
22-01-2025 09:00,4,205,62.75726092,6.026643456,171.9249397,Clear,0
22-01-2025 10:00,4,443,47.95735511,38.95296605,49.72612001,Clear,0
22-01-2025 11:00,4,394,7.6851466,1.730602944,34.58657011,Clear,0
22-01-2025 12:00,4,674,45.21696203,46.24083837,23.85423227,Rain,0
22-01-2025 13:00,4,569,32.97408939,1.669334288,24.75310392,Clear,0
22-01-2025 14:00,4,291,60.45456377,20.74873896,189.8354601,Clear,0
22-01-2025 15:00,4,863,37.66313667,31.08752872,173.5624553,Rain,1
22-01-2025 16:00,4,855,39.41783484,18.8875126,177.089289,Clear,1
22-01-2025 17:00,4,609,84.56433496,9.994599002,90.68235455,Clear,0
22-01-2025 18:00,4,616,51.05391571,6.183166438,62.80518205,Snow,0
22-01-2025 19:00,4,676,62.36549969,22.43177888,166.3881603,Snow,0
22-01-2025 20:00,4,392,63.33414266,26.00286966,92.41903642,Clear,0
22-01-2025 21:00,4,555,29.3694406,3.613173342,193.4260222,Snow,0
22-01-2025 22:00,4,889,81.54005494,8.919186976,65.63876827,Clear,0
22-01-2025 23:00,4,697,52.74386279,9.605614285,135.1382767,Storm,0
23-01-2025 00:00,4,130,6.196298203,45.01295242,120.4544512,Clear,0
23-01-2025 01:00,4,677,73.23591906,13.97359151,128.0546041,Clear,0
23-01-2025 02:00,4,617,65.32733378,22.7006548,103.3167841,Clear,0
23-01-2025 03:00,4,562,57.24129678,17.21718231,42.10470851,Clear,0
23-01-2025 04:00,4,751,36.93030648,19.58138341,98.46755202,Clear,0
23-01-2025 05:00,4,857,57.2780747,14.29216074,126.8374938,Storm,0
23-01-2025 06:00,4,149,35.64494748,4.310091266,16.25242937,Clear,0
23-01-2025 07:00,4,351,90.33177335,17.35202758,198.48731,Clear,0
23-01-2025 08:00,4,533,14.03118671,34.02712673,35.3453519,Snow,0
23-01-2025 09:00,4,873,8.151544987,6.120870569,49.78976519,Storm,0
23-01-2025 10:00,4,874,66.80557373,11.41861272,81.20267407,Clear,0
23-01-2025 11:00,4,850,61.60171558,16.41275878,116.6109207,Clear,0
23-01-2025 12:00,4,477,99.07259899,32.00369091,55.99684659,Clear,0
23-01-2025 13:00,4,549,78.7989801,19.19942869,17.48413095,Clear,0
23-01-2025 14:00,4,371,66.59544219,28.92144839,41.84817444,Rain,0
23-01-2025 15:00,4,144,72.1780642,17.1558966,84.24256606,Rain,0
23-01-2025 16:00,4,713,63.70377327,47.30329524,132.8218098,Clear,0
23-01-2025 17:00,4,468,25.3226727,21.47495314,65.44640564,Rain,0
23-01-2025 18:00,4,251,79.11591461,17.61017138,82.13912079,Snow,0
23-01-2025 19:00,4,251,43.98207146,49.43110405,99.26239438,Clear,0
23-01-2025 20:00,4,267,71.68558573,25.30996301,91.87490723,Storm,0
23-01-2025 21:00,4,502,94.70124908,29.88576382,75.45535248,Clear,0
23-01-2025 22:00,4,944,98.97202716,44.55055157,72.31041798,Clear,0
23-01-2025 23:00,4,822,73.36807293,31.1095694,139.1382749,Clear,0
24-01-2025 00:00,4,591,40.63016675,23.63797586,12.35378116,Clear,0
24-01-2025 01:00,4,123,5.788959907,48.53281064,92.02356594,Storm,0
24-01-2025 02:00,4,563,5.779067396,32.43158176,22.96515979,Clear,0
24-01-2025 03:00,4,68,15.69767916,45.69115819,46.97963297,Clear,0
24-01-2025 04:00,4,101,17.21574723,5.479304462,43.86454042,Clear,0
24-01-2025 05:00,4,50,22.89295296,25.52424986,160.7136389,Clear,0
24-01-2025 06:00,4,682,38.24976467,42.4474784,189.6196108,Snow,0
24-01-2025 07:00,4,163,82.14316284,8.640006973,160.0901713,Clear,0
24-01-2025 08:00,4,291,67.33422288,42.89135717,58.00912927,Clear,0
24-01-2025 09:00,4,760,52.18708232,20.28531319,101.8172519,Rain,0
24-01-2025 10:00,4,561,49.06382452,38.96656057,74.09261091,Clear,0
24-01-2025 11:00,4,176,12.39322914,25.37167608,38.14107573,Rain,0
24-01-2025 12:00,4,794,31.74761696,42.20355986,19.52736438,Clear,0
24-01-2025 13:00,4,390,58.95397005,9.100897265,187.7252313,Snow,0
24-01-2025 14:00,4,933,72.8953077,26.83765752,181.1648999,Clear,1
24-01-2025 15:00,4,170,52.5717511,24.98848441,96.66002591,Clear,0
24-01-2025 16:00,4,178,83.27858055,44.06124695,139.5558593,Clear,0
24-01-2025 17:00,4,612,94.36812257,33.50945783,175.5418524,Rain,0
24-01-2025 18:00,4,238,60.62102837,37.11729683,10.70605905,Clear,0
24-01-2025 19:00,4,97,75.65499742,26.87486267,88.1331989,Clear,0
24-01-2025 20:00,4,85,23.02974386,10.15673851,119.5471531,Clear,0
24-01-2025 21:00,4,88,98.02762599,33.091459,177.2202668,Clear,0
24-01-2025 22:00,4,112,43.07110253,9.749090105,10.24978035,Snow,0
24-01-2025 23:00,4,658,79.19256807,18.96669172,195.8002377,Clear,0
25-01-2025 00:00,4,73,49.26684108,34.27282111,168.1228983,Clear,0
25-01-2025 01:00,4,530,54.17299535,43.07998898,133.8420196,Clear,0
25-01-2025 02:00,4,582,89.22041372,28.55184264,57.89874532,Storm,0
25-01-2025 03:00,4,960,40.68094303,48.98815119,67.74116662,Clear,0
25-01-2025 04:00,4,427,53.54583939,8.530041004,127.0959954,Clear,0
25-01-2025 05:00,4,269,53.24689357,49.91703959,142.0434011,Clear,0
25-01-2025 06:00,4,499,80.15185363,23.92786597,117.8317994,Rain,0
25-01-2025 07:00,4,364,19.21897914,12.09021115,99.03016283,Clear,0
25-01-2025 08:00,4,180,97.15613102,46.40339416,161.5094027,Clear,0
25-01-2025 09:00,4,468,33.11401193,12.99563911,51.35651645,Clear,0
25-01-2025 10:00,4,981,76.88571846,23.24270633,50.31063996,Clear,0
25-01-2025 11:00,4,144,36.37954551,34.39421224,76.39505175,Clear,0
25-01-2025 12:00,4,704,10.45634345,23.2905971,161.136433,Clear,0
25-01-2025 13:00,4,451,25.87627852,4.173837777,150.3772131,Clear,0
25-01-2025 14:00,4,104,53.14442125,42.16041645,120.5383161,Clear,0
25-01-2025 15:00,4,873,24.67305836,17.45977841,35.50529963,Clear,0
25-01-2025 16:00,4,867,33.41737808,31.70462965,166.0525956,Clear,1
25-01-2025 17:00,4,476,81.63790296,1.810433015,45.49350066,Clear,0
25-01-2025 18:00,4,999,94.01592145,12.01709016,98.96134326,Clear,0
25-01-2025 19:00,4,943,87.07591767,16.74626298,198.0173136,Clear,1
25-01-2025 20:00,4,230,39.2391216,49.45304401,158.7619755,Clear,0
25-01-2025 21:00,4,134,45.40427428,30.59953293,20.36253553,Rain,0
25-01-2025 22:00,4,900,90.14157044,14.35608366,183.9451665,Rain,1
25-01-2025 23:00,4,168,5.114343321,31.18882955,45.91324279,Clear,0
26-01-2025 00:00,4,602,36.64196313,28.69537918,86.69906369,Clear,0
26-01-2025 01:00,4,734,67.8676897,36.33565683,58.49393121,Clear,0
26-01-2025 02:00,4,232,68.21993169,31.22016595,128.9210443,Clear,0
26-01-2025 03:00,4,331,14.5844362,30.67294342,139.175846,Clear,0
26-01-2025 04:00,4,69,74.68804353,21.46740666,109.818166,Clear,0
26-01-2025 05:00,4,75,55.44529733,34.46525652,131.1042616,Snow,0
26-01-2025 06:00,4,911,76.81309777,19.7425848,88.12058351,Clear,0
26-01-2025 07:00,4,717,68.35233043,45.09409651,64.18021561,Snow,0
26-01-2025 08:00,4,471,17.36798817,48.39863944,164.1674255,Clear,0
26-01-2025 09:00,4,964,52.8546108,8.926894463,80.1709794,Clear,0
26-01-2025 10:00,4,553,41.84528447,5.952748126,162.3648745,Snow,0
26-01-2025 11:00,4,785,83.13011945,11.6080378,60.07886067,Clear,0
26-01-2025 12:00,4,681,55.70814453,33.68225821,54.40123593,Clear,0
26-01-2025 13:00,4,208,41.82769055,21.86231913,24.31107211,Clear,0
26-01-2025 14:00,4,161,50.00009974,38.9896029,162.3149749,Clear,0
26-01-2025 15:00,4,676,50.20978853,24.06725086,83.80117203,Rain,0
26-01-2025 16:00,4,868,62.34622983,44.8804859,174.5843883,Snow,1
26-01-2025 17:00,4,92,21.54730963,5.924243203,150.2545282,Rain,0
26-01-2025 18:00,4,930,66.67805962,5.003494021,35.72193324,Clear,0
26-01-2025 19:00,4,506,73.49699873,32.50131673,117.3733075,Rain,0
26-01-2025 20:00,4,853,34.42838605,12.77582116,78.16469782,Snow,0
26-01-2025 21:00,4,854,75.12823025,25.01584257,15.48300353,Clear,0
26-01-2025 22:00,4,789,14.08661696,9.077980306,43.0500823,Rain,0
26-01-2025 23:00,4,265,44.13026044,37.57454241,86.76569056,Clear,0
27-01-2025 00:00,4,953,20.04543695,3.549854047,55.78233583,Clear,0
27-01-2025 01:00,4,995,24.38694055,34.97635513,184.2386621,Clear,1
27-01-2025 02:00,4,362,9.529898704,3.995020891,188.9562595,Rain,0
27-01-2025 03:00,4,445,74.91852643,1.384401141,112.4538002,Rain,0
27-01-2025 04:00,4,420,73.29208692,43.9256107,92.66727607,Clear,0
27-01-2025 05:00,4,199,37.92490885,41.96027958,154.1047318,Clear,0
27-01-2025 06:00,4,898,25.75019722,30.5444339,116.1289501,Clear,0
27-01-2025 07:00,4,437,37.00805312,37.90678539,65.92615164,Rain,0
27-01-2025 08:00,4,454,20.86881554,11.91646325,34.33047631,Clear,0
27-01-2025 09:00,4,448,24.98994596,26.54226954,185.0655417,Clear,0
27-01-2025 10:00,4,583,76.4035574,11.48600242,146.133074,Clear,0
27-01-2025 11:00,4,791,58.18918483,35.08632364,32.49630099,Clear,0
27-01-2025 12:00,4,862,84.41516554,46.85937368,36.02337352,Clear,0
27-01-2025 13:00,4,124,76.44564,3.239536407,48.38338909,Rain,0
27-01-2025 14:00,4,92,22.19244108,40.06569226,96.82626833,Clear,0
27-01-2025 15:00,4,631,35.07017427,32.3801212,92.95676682,Clear,0
27-01-2025 16:00,4,807,15.70629674,4.543218164,151.315796,Rain,1
27-01-2025 17:00,4,395,84.54253661,31.03768409,42.76533538,Clear,0
27-01-2025 18:00,4,410,71.33213403,46.38325715,164.1760758,Rain,0
27-01-2025 19:00,4,763,34.07562383,11.67215664,72.16800419,Clear,0
27-01-2025 20:00,4,154,29.57082248,23.93498228,54.27951872,Clear,0
27-01-2025 21:00,4,980,12.92983473,1.276103233,15.66195511,Clear,0
27-01-2025 22:00,4,338,22.72356667,44.84081232,57.22184038,Clear,0
27-01-2025 23:00,4,735,35.5508851,1.952322604,31.03408087,Rain,0
28-01-2025 00:00,4,402,21.45434492,3.66609626,134.7648218,Rain,0
28-01-2025 01:00,4,357,68.63416719,33.70072808,107.66813,Clear,0
28-01-2025 02:00,4,981,63.95312356,21.57360995,126.5238359,Rain,0
28-01-2025 03:00,4,393,97.59554244,13.67883061,68.76568211,Clear,0
28-01-2025 04:00,4,988,73.18181936,30.95397034,43.92125186,Clear,0
28-01-2025 05:00,4,924,23.39517541,10.72186284,149.1977661,Clear,0
28-01-2025 06:00,4,774,18.78121249,6.913677953,129.2817431,Clear,0
28-01-2025 07:00,4,966,56.55661849,40.1515082,16.88843013,Storm,0
28-01-2025 08:00,4,644,70.65199263,26.5337128,195.6169692,Clear,0
28-01-2025 09:00,4,167,95.76434565,21.26859299,190.959932,Rain,0
28-01-2025 10:00,4,732,41.26243281,19.36669791,56.39884991,Clear,0
28-01-2025 11:00,4,578,71.14503015,3.58840758,165.2461399,Rain,0
28-01-2025 12:00,4,265,90.13879084,6.330543835,99.85366846,Rain,0
28-01-2025 13:00,4,606,61.28620844,15.59156659,20.543237,Clear,0
28-01-2025 14:00,4,341,21.96775139,49.13876459,81.468459,Clear,0
28-01-2025 15:00,4,443,18.95057606,28.00053628,37.48443138,Clear,0
28-01-2025 16:00,4,602,99.90589886,16.59046188,38.28279275,Rain,0
28-01-2025 17:00,4,757,15.52110824,18.27129664,42.97201473,Clear,0
28-01-2025 18:00,4,656,45.27403931,28.27457199,50.51069718,Clear,0
28-01-2025 19:00,4,204,23.27259987,14.26541515,172.2601565,Clear,0
28-01-2025 20:00,4,634,97.26156849,39.52854737,113.1269654,Storm,0
28-01-2025 21:00,4,952,88.98666039,5.11122455,108.164163,Clear,0
28-01-2025 22:00,4,568,88.30055983,26.84821147,73.50090574,Clear,0
28-01-2025 23:00,4,832,32.68854968,6.746316708,134.1997065,Snow,0
29-01-2025 00:00,4,622,96.18512554,26.48440694,86.13286344,Clear,0
29-01-2025 01:00,4,677,42.99620697,36.76565438,110.9409209,Rain,0
29-01-2025 02:00,4,460,72.70821028,44.21739195,80.52308293,Clear,0
29-01-2025 03:00,4,349,55.06149125,28.1243809,182.3804854,Clear,0
29-01-2025 04:00,4,83,24.49946532,38.00200946,162.7128751,Clear,0
29-01-2025 05:00,4,77,96.46035568,4.52242002,60.9819531,Clear,0
29-01-2025 06:00,4,499,95.59736284,39.39751438,135.3856161,Clear,0
29-01-2025 07:00,4,360,72.93462718,24.86375419,90.81357323,Clear,0
29-01-2025 08:00,4,626,88.0298111,44.47725909,12.08352405,Snow,0
29-01-2025 09:00,4,392,86.7654408,8.184909936,182.6360402,Clear,0
29-01-2025 10:00,4,586,59.57120694,40.84289336,159.398815,Snow,0
29-01-2025 11:00,4,906,59.55171836,15.32774214,86.43183464,Rain,0
29-01-2025 12:00,4,395,52.48311449,19.99075058,126.4837389,Clear,0
29-01-2025 13:00,4,960,69.71928487,32.63460153,145.2054682,Snow,0
29-01-2025 14:00,4,111,45.71356459,18.56001398,93.70196314,Clear,0
29-01-2025 15:00,4,908,35.87423005,28.68499859,177.4802076,Rain,1
29-01-2025 16:00,4,717,37.15564848,33.23959058,146.3672284,Clear,0
29-01-2025 17:00,4,487,11.16774418,26.97948417,181.2782695,Rain,0
29-01-2025 18:00,4,509,6.743122859,38.02840708,60.41507021,Clear,0
29-01-2025 19:00,4,358,71.07292142,29.17801638,45.96374434,Clear,0
29-01-2025 20:00,4,119,85.6951156,31.17635083,65.54260801,Clear,0
29-01-2025 21:00,4,139,16.39431747,36.56878937,118.2466872,Clear,0
29-01-2025 22:00,4,896,5.332943035,2.353858035,166.5296979,Clear,1
29-01-2025 23:00,4,863,17.95473712,29.87966596,117.8746328,Storm,0
30-01-2025 00:00,4,536,27.57401567,25.66025196,185.98068,Rain,0
30-01-2025 01:00,4,269,65.12855696,36.28382987,40.56216465,Clear,0
30-01-2025 02:00,4,309,20.99875516,36.66493753,44.91039591,Clear,0
30-01-2025 03:00,4,359,47.14942897,42.68029222,24.56775257,Clear,0
30-01-2025 04:00,4,243,5.582221495,23.74262417,14.68465058,Snow,0
30-01-2025 05:00,4,908,84.07164836,6.468174259,184.9052926,Snow,1
30-01-2025 06:00,4,68,70.8263694,43.51332444,79.6267628,Clear,0
30-01-2025 07:00,4,408,63.5109497,39.69375468,164.2777141,Clear,0
30-01-2025 08:00,4,495,70.46993701,49.0464749,193.4688873,Clear,0
30-01-2025 09:00,4,441,74.84247464,11.57600164,170.8623722,Clear,0
30-01-2025 10:00,4,285,96.10567324,32.29822356,170.9389146,Clear,0
30-01-2025 11:00,4,112,28.41905082,28.61721269,164.2199409,Rain,0
30-01-2025 12:00,4,920,69.15868957,27.89799525,10.66706167,Clear,0
30-01-2025 13:00,4,113,89.01970761,6.515170861,139.150706,Clear,0
30-01-2025 14:00,4,305,44.95108056,5.844450584,18.04876707,Clear,0
30-01-2025 15:00,4,673,39.74300643,36.59149387,96.65328672,Clear,0
30-01-2025 16:00,4,892,65.90634918,47.72503897,169.5286542,Clear,1
30-01-2025 17:00,4,496,21.60973248,41.88671945,38.54083014,Clear,0
30-01-2025 18:00,4,998,93.12563842,20.9594111,199.7805172,Clear,1
30-01-2025 19:00,4,75,40.26326243,35.54598171,83.14066795,Clear,0
30-01-2025 20:00,4,838,31.19431551,40.03087915,64.76134076,Clear,0
30-01-2025 21:00,4,945,97.59383007,12.42160947,156.8982342,Clear,1
30-01-2025 22:00,4,464,91.89609563,34.0476125,86.70927078,Snow,0
30-01-2025 23:00,4,905,94.72160642,5.927290764,61.65072746,Storm,0
31-01-2025 00:00,4,51,67.08826893,42.12917231,189.4526972,Clear,0
01-01-2025 00:00,5,196,86.3485184,44.24978943,66.4133765,Rain,0
01-01-2025 01:00,5,447,37.578836,48.47410744,142.0438175,Clear,0
01-01-2025 02:00,5,781,29.03497535,48.80554515,173.8751978,Rain,0
01-01-2025 03:00,5,238,99.77678215,9.04160754,20.35928619,Clear,0
01-01-2025 04:00,5,926,24.45801847,15.76982068,48.16543978,Rain,0
01-01-2025 05:00,5,593,58.72822788,41.94416302,13.45792251,Rain,0
01-01-2025 06:00,5,862,21.4957347,11.92761943,109.8698953,Clear,0
01-01-2025 07:00,5,329,50.53122763,36.70682357,117.7108547,Clear,0
01-01-2025 08:00,5,699,96.08609065,11.09485281,134.4179581,Clear,0
01-01-2025 09:00,5,627,91.58558579,25.57664351,78.74193917,Clear,0
01-01-2025 10:00,5,768,58.66067124,35.46370677,48.47092719,Clear,0
01-01-2025 11:00,5,267,59.52185935,2.331527778,60.01206654,Rain,0
01-01-2025 12:00,5,629,94.0926117,1.209806134,178.2333652,Clear,0
01-01-2025 13:00,5,152,49.89041035,17.70002167,191.3865592,Clear,0
01-01-2025 14:00,5,997,74.0403537,47.27227955,126.042214,Rain,0
01-01-2025 15:00,5,802,92.83417087,41.00673891,67.07406275,Clear,0
01-01-2025 16:00,5,343,27.93910168,4.053568527,44.11037557,Clear,0
01-01-2025 17:00,5,101,66.06435547,35.46565359,66.83206501,Rain,0
01-01-2025 18:00,5,612,14.41036125,16.62111973,19.74136317,Clear,0
01-01-2025 19:00,5,336,10.55761712,29.82737843,116.733536,Clear,0
01-01-2025 20:00,5,702,41.79667498,42.24289664,51.67993236,Rain,0
01-01-2025 21:00,5,182,64.54381253,28.11961212,192.6097362,Clear,0
01-01-2025 22:00,5,367,9.363353062,6.468556773,45.55755598,Clear,0
01-01-2025 23:00,5,270,11.37530385,21.6593652,84.92538721,Storm,0
02-01-2025 00:00,5,959,84.56845979,18.827427,23.80994309,Clear,0
02-01-2025 01:00,5,887,12.69641482,16.50884539,193.6005135,Clear,1
02-01-2025 02:00,5,756,22.6606626,1.235191416,106.7316016,Clear,0
02-01-2025 03:00,5,818,52.58216946,12.35333225,112.9552892,Clear,0
02-01-2025 04:00,5,412,19.08866481,42.91147038,138.2773323,Clear,0
02-01-2025 05:00,5,90,64.99758112,4.85673694,102.4065219,Clear,0
02-01-2025 06:00,5,858,68.1823568,42.14183999,78.4718431,Clear,0
02-01-2025 07:00,5,761,16.26447614,43.67079844,11.11711818,Clear,0
02-01-2025 08:00,5,274,44.12702921,36.08850397,30.79177692,Clear,0
02-01-2025 09:00,5,183,62.30293822,8.138443839,148.0295933,Clear,0
02-01-2025 10:00,5,339,93.58710808,12.60946521,141.7906197,Storm,0
02-01-2025 11:00,5,784,94.10154058,26.93300779,11.8944846,Clear,0
02-01-2025 12:00,5,627,73.94709317,34.03759152,73.85489367,Clear,0
02-01-2025 13:00,5,642,30.89989834,25.87475621,69.95892855,Storm,0
02-01-2025 14:00,5,796,32.88046485,11.36204568,60.49181148,Clear,0
02-01-2025 15:00,5,791,95.0359395,7.308385545,16.53668927,Clear,0
02-01-2025 16:00,5,356,68.48251661,36.1273246,120.4252151,Storm,0
02-01-2025 17:00,5,388,22.74384413,27.61279695,197.4210438,Clear,0
02-01-2025 18:00,5,777,97.09030938,7.744310904,89.53533177,Snow,0
02-01-2025 19:00,5,508,56.25312453,34.85510793,90.05456516,Snow,0
02-01-2025 20:00,5,682,64.00690341,12.530952,115.9284703,Storm,0
02-01-2025 21:00,5,353,7.10222407,28.67741001,152.0236616,Clear,0
02-01-2025 22:00,5,100,15.85360306,27.9144754,10.2533915,Clear,0
02-01-2025 23:00,5,430,91.60006212,19.59282396,169.2451799,Clear,0
03-01-2025 00:00,5,571,54.0960565,11.45894618,111.9216137,Rain,0
03-01-2025 01:00,5,224,29.9251106,35.49800867,43.66682437,Clear,0
03-01-2025 02:00,5,367,53.7087041,15.98221487,97.32153112,Clear,0
03-01-2025 03:00,5,565,26.63240729,5.84631788,92.34844035,Clear,0
03-01-2025 04:00,5,490,89.32095412,28.75314531,139.49165,Clear,0
03-01-2025 05:00,5,138,93.13265244,18.02869497,72.5326392,Clear,0
03-01-2025 06:00,5,300,33.11929939,16.983068,192.574312,Clear,0
03-01-2025 07:00,5,248,66.92911527,2.894612531,44.84909608,Snow,0
03-01-2025 08:00,5,126,86.35553933,16.19080144,84.62253487,Clear,0
03-01-2025 09:00,5,508,41.50851782,3.711757929,163.8756076,Storm,0
03-01-2025 10:00,5,409,46.44748913,27.45746313,47.54107131,Clear,0
03-01-2025 11:00,5,899,68.36210531,22.90601622,187.4713658,Snow,1
03-01-2025 12:00,5,386,6.932378951,36.50693551,16.75485673,Storm,0
03-01-2025 13:00,5,617,61.17902352,12.26169586,100.9504915,Clear,0
03-01-2025 14:00,5,867,40.37209275,16.59555076,128.0153473,Clear,0
03-01-2025 15:00,5,791,5.247709022,31.78373227,121.8123711,Clear,0
03-01-2025 16:00,5,563,6.668718292,31.34118833,97.00278732,Clear,0
03-01-2025 17:00,5,962,22.03471342,40.84277181,188.6880686,Clear,1
03-01-2025 18:00,5,339,20.26798056,36.92703544,91.95943671,Clear,0
03-01-2025 19:00,5,492,87.88328497,43.95729642,143.1481125,Clear,0
03-01-2025 20:00,5,499,11.0634733,17.18752675,53.91666498,Snow,0
03-01-2025 21:00,5,542,73.77998804,27.99847298,156.3784728,Clear,0
03-01-2025 22:00,5,474,5.688980661,49.41532916,135.1785931,Clear,0
03-01-2025 23:00,5,936,48.63288831,28.70953584,141.8725542,Rain,0
04-01-2025 00:00,5,87,22.49235219,42.17771376,33.09575961,Clear,0
04-01-2025 01:00,5,502,71.47805913,11.07301454,23.57329277,Rain,0
04-01-2025 02:00,5,300,96.17404961,44.07062308,153.389679,Snow,0
04-01-2025 03:00,5,765,74.40055243,14.56222399,145.7886055,Clear,0
04-01-2025 04:00,5,315,37.917031,38.94552831,59.86669757,Clear,0
04-01-2025 05:00,5,455,24.36844255,45.23852357,62.42938801,Clear,0
04-01-2025 06:00,5,159,96.19317146,17.41740938,157.9237061,Snow,0
04-01-2025 07:00,5,122,42.42363297,36.74599,49.34371332,Clear,0
04-01-2025 08:00,5,81,77.07057047,31.66844557,165.3864317,Clear,0
04-01-2025 09:00,5,459,22.8975029,39.44099665,123.2709316,Snow,0
04-01-2025 10:00,5,209,63.77529822,4.213952369,143.9651864,Clear,0
04-01-2025 11:00,5,281,99.10369521,14.73931475,195.3532068,Clear,0
04-01-2025 12:00,5,916,74.71765829,16.77267578,75.92374437,Clear,0
04-01-2025 13:00,5,701,85.12684215,12.51247958,94.06947613,Clear,0
04-01-2025 14:00,5,254,99.9686161,20.04946795,83.52982126,Clear,0
04-01-2025 15:00,5,166,13.73410391,34.61053181,91.50429634,Snow,0
04-01-2025 16:00,5,633,8.261556259,49.14564583,174.3783736,Clear,0
04-01-2025 17:00,5,882,99.19323039,27.02874092,139.728105,Clear,0
04-01-2025 18:00,5,378,86.32905656,9.20372444,60.45176507,Clear,0
04-01-2025 19:00,5,442,8.213022319,20.81217291,159.0996717,Rain,0
04-01-2025 20:00,5,960,72.35064173,12.07335152,134.7184955,Clear,0
04-01-2025 21:00,5,373,66.4581924,28.16046536,136.6988933,Snow,0
04-01-2025 22:00,5,109,36.60217759,30.04027375,104.0409054,Snow,0
04-01-2025 23:00,5,350,20.35291016,11.12399195,106.6797611,Clear,0
05-01-2025 00:00,5,505,93.14501533,13.60975742,61.26835613,Clear,0
05-01-2025 01:00,5,612,99.7544186,47.17902636,137.4783921,Rain,0
05-01-2025 02:00,5,939,88.05822232,3.922339647,70.36880386,Storm,0
05-01-2025 03:00,5,586,43.40495793,20.29013301,67.52352042,Clear,0
05-01-2025 04:00,5,438,87.15636183,20.13074298,82.46000825,Clear,0
05-01-2025 05:00,5,555,49.5563709,43.81716904,20.00793305,Snow,0
05-01-2025 06:00,5,847,89.22915175,36.14724339,34.94450551,Snow,0
05-01-2025 07:00,5,95,14.64935365,18.00437324,112.2680218,Rain,0
05-01-2025 08:00,5,128,90.19875926,3.580132213,36.92372923,Clear,0
05-01-2025 09:00,5,717,8.19291792,20.4496705,120.9907289,Rain,0
05-01-2025 10:00,5,166,57.83097644,20.82811548,91.51911885,Clear,0
05-01-2025 11:00,5,233,29.03900955,47.05109118,85.22311864,Rain,0
05-01-2025 12:00,5,552,93.68480971,26.81073774,112.1891864,Rain,0
05-01-2025 13:00,5,300,14.46777836,49.7634193,86.07912762,Clear,0
05-01-2025 14:00,5,910,17.65654106,11.00897316,155.6752181,Clear,1
05-01-2025 15:00,5,370,43.50060917,45.37322689,40.33214488,Clear,0
05-01-2025 16:00,5,855,27.32773478,21.67825729,184.874068,Snow,1
05-01-2025 17:00,5,730,15.00469311,34.48739048,125.141914,Clear,0
05-01-2025 18:00,5,571,94.22629294,10.14825026,47.69613856,Clear,0
05-01-2025 19:00,5,898,23.90022242,37.43194846,178.1644139,Clear,1
05-01-2025 20:00,5,431,26.6997534,21.72770787,115.8955623,Snow,0
05-01-2025 21:00,5,876,99.06569516,49.99101925,111.3611522,Rain,0
05-01-2025 22:00,5,738,40.59392453,13.36806967,31.70433761,Clear,0
05-01-2025 23:00,5,923,85.28519341,30.505561,96.24726273,Clear,0
06-01-2025 00:00,5,779,62.88465823,3.368606305,175.7322872,Clear,0
06-01-2025 01:00,5,314,16.43638165,8.035295709,135.5951411,Clear,0
06-01-2025 02:00,5,773,59.84460515,35.54584341,60.29203032,Clear,0
06-01-2025 03:00,5,188,53.70996468,24.30689824,132.5685147,Clear,0
06-01-2025 04:00,5,851,22.60047669,18.41049695,74.13587818,Clear,0
06-01-2025 05:00,5,610,69.77069707,23.02461629,55.91753293,Clear,0
06-01-2025 06:00,5,926,61.18041315,27.79011045,115.8201995,Rain,0
06-01-2025 07:00,5,875,24.17096023,4.456180467,156.8328536,Clear,1
06-01-2025 08:00,5,158,6.482706482,11.31831132,108.5209723,Clear,0
06-01-2025 09:00,5,971,32.06631919,44.90476063,173.697214,Clear,1
06-01-2025 10:00,5,440,90.5028092,46.37704116,161.6587269,Clear,0
06-01-2025 11:00,5,907,40.45986454,44.54708864,96.09590298,Clear,0
06-01-2025 12:00,5,892,71.25991904,3.559939521,111.5072004,Clear,0
06-01-2025 13:00,5,611,22.03856913,29.08792492,196.9307253,Clear,0
06-01-2025 14:00,5,203,86.997437,22.97775479,79.07569583,Storm,0
06-01-2025 15:00,5,383,64.98998888,5.197545508,189.9048055,Clear,0
06-01-2025 16:00,5,848,41.97024396,38.03779461,23.86691053,Snow,0
06-01-2025 17:00,5,956,52.44343333,24.26166148,30.90403617,Clear,0
06-01-2025 18:00,5,904,98.02637236,25.21944371,188.0180994,Clear,1
06-01-2025 19:00,5,352,79.60651066,6.980634587,45.97341316,Clear,0
06-01-2025 20:00,5,697,25.28103545,45.38758621,180.8145082,Clear,0
06-01-2025 21:00,5,738,76.07047291,11.86152831,51.78566413,Snow,0
06-01-2025 22:00,5,863,44.58346474,11.73891613,146.9429215,Clear,0
06-01-2025 23:00,5,170,37.32139794,16.58849404,191.7402723,Rain,0
07-01-2025 00:00,5,219,22.66650629,45.56675241,167.2953721,Clear,0
07-01-2025 01:00,5,243,67.39671454,39.47685906,114.409322,Clear,0
07-01-2025 02:00,5,760,14.01854091,16.62373864,198.6347478,Clear,0
07-01-2025 03:00,5,265,17.4184303,16.9611141,119.6832131,Clear,0
07-01-2025 04:00,5,279,27.28168957,10.44496177,119.2035812,Clear,0
07-01-2025 05:00,5,434,14.1015088,25.25218455,165.6614953,Rain,0
07-01-2025 06:00,5,870,10.30463098,48.90845208,160.2125044,Clear,1
07-01-2025 07:00,5,758,51.39368893,2.315548786,144.5132373,Clear,0
07-01-2025 08:00,5,53,89.90980557,13.58015096,55.65028837,Clear,0
07-01-2025 09:00,5,766,43.52450974,28.86968602,160.2253099,Clear,0
07-01-2025 10:00,5,532,25.49019982,13.52645944,66.43384347,Rain,0
07-01-2025 11:00,5,664,26.14032934,35.7470682,26.10429992,Rain,0
07-01-2025 12:00,5,876,9.931561119,42.02678241,188.2337934,Storm,1
07-01-2025 13:00,5,424,88.26613324,42.75483863,193.3277689,Clear,0
07-01-2025 14:00,5,703,97.87843318,30.14791957,171.6110493,Clear,0
07-01-2025 15:00,5,304,49.98536547,40.11096649,34.16878267,Clear,0
07-01-2025 16:00,5,614,46.04484761,26.86755069,61.87737825,Snow,0
07-01-2025 17:00,5,115,34.68801841,9.546116618,121.9173987,Clear,0
07-01-2025 18:00,5,333,16.61592101,9.956638135,190.6599166,Rain,0
07-01-2025 19:00,5,981,28.48160074,48.71366249,85.45897499,Clear,0
07-01-2025 20:00,5,499,51.59365489,4.631839545,16.60100773,Clear,0
07-01-2025 21:00,5,303,82.59790251,26.33058804,116.2659337,Clear,0
07-01-2025 22:00,5,498,64.33307041,48.18582118,167.9916448,Clear,0
07-01-2025 23:00,5,170,7.669659944,49.00108057,196.2743887,Clear,0
08-01-2025 00:00,5,824,45.49668609,7.419713167,142.8071706,Clear,0
08-01-2025 01:00,5,97,83.11127997,46.17346205,160.243419,Clear,0
08-01-2025 02:00,5,170,14.14380541,15.00084,175.1972321,Clear,0
08-01-2025 03:00,5,595,54.80716842,21.00507192,68.83930723,Clear,0
08-01-2025 04:00,5,59,89.05629269,36.46596628,137.2473715,Rain,0
08-01-2025 05:00,5,107,90.8706906,3.172866416,71.26384146,Clear,0
08-01-2025 06:00,5,254,66.1019686,44.22840818,86.40859048,Clear,0
08-01-2025 07:00,5,50,91.18847156,13.9343701,63.38567444,Clear,0
08-01-2025 08:00,5,804,49.28807186,33.07465521,29.66452568,Clear,0
08-01-2025 09:00,5,743,19.02541659,23.3472901,17.33137815,Clear,0
08-01-2025 10:00,5,831,77.61792424,42.15311906,65.51359264,Snow,0
08-01-2025 11:00,5,403,77.26483879,3.363962034,80.60837197,Clear,0
08-01-2025 12:00,5,963,16.67318009,13.48921586,164.5892972,Clear,1
08-01-2025 13:00,5,462,71.68153568,23.09627179,109.2330074,Clear,0
08-01-2025 14:00,5,452,86.33237093,12.31007147,171.2599023,Clear,0
08-01-2025 15:00,5,808,9.660591106,6.317861737,109.6913549,Rain,0
08-01-2025 16:00,5,450,74.96694983,46.34115711,94.8985038,Clear,0
08-01-2025 17:00,5,188,37.62396081,37.55018386,128.9546853,Clear,0
08-01-2025 18:00,5,486,8.698702192,2.763501615,167.9982047,Clear,0
08-01-2025 19:00,5,683,66.7807157,11.31365898,142.3240197,Clear,0
08-01-2025 20:00,5,915,22.42910413,34.27438585,155.0424394,Clear,1
08-01-2025 21:00,5,131,79.1946182,12.92184094,190.2713754,Clear,0
08-01-2025 22:00,5,847,27.67923713,45.96402636,24.84084086,Clear,0
08-01-2025 23:00,5,421,90.37584011,49.88711471,153.1437418,Storm,0
09-01-2025 00:00,5,486,72.94322771,4.664379542,184.2633327,Rain,0
09-01-2025 01:00,5,346,66.42674196,18.18520696,61.94294444,Clear,0
09-01-2025 02:00,5,714,97.60000969,29.64155426,94.74709226,Clear,0
09-01-2025 03:00,5,448,93.41756612,38.34939554,108.8776653,Clear,0
09-01-2025 04:00,5,428,37.12012353,37.46412236,154.3633123,Clear,0
09-01-2025 05:00,5,283,61.97019985,17.27649952,11.7490768,Clear,0
09-01-2025 06:00,5,891,42.69133795,6.077320596,169.0441447,Clear,1
09-01-2025 07:00,5,904,41.01323869,1.469696367,63.93076819,Clear,0
09-01-2025 08:00,5,430,59.63773517,2.513959006,48.27035268,Clear,0
09-01-2025 09:00,5,550,86.89168303,21.79256885,183.9813565,Clear,0
09-01-2025 10:00,5,59,32.26529502,45.61310968,105.5352013,Clear,0
09-01-2025 11:00,5,611,51.25936776,39.73034727,184.0914591,Clear,0
09-01-2025 12:00,5,126,52.56617964,49.09892213,167.9060374,Snow,0
09-01-2025 13:00,5,690,70.92877163,17.50564985,29.76327784,Clear,0
09-01-2025 14:00,5,572,6.833919588,48.30404648,38.35976043,Rain,0
09-01-2025 15:00,5,118,21.79222176,30.01115108,112.6221748,Clear,0
09-01-2025 16:00,5,923,67.45233875,1.766718579,22.23122787,Clear,0
09-01-2025 17:00,5,948,51.42518854,4.79836778,46.24708888,Clear,0
09-01-2025 18:00,5,818,77.99467431,15.15264207,87.71146998,Clear,0
09-01-2025 19:00,5,150,47.67752742,22.17304197,114.8612315,Rain,0
09-01-2025 20:00,5,122,23.02115466,17.5548404,24.79531222,Clear,0
09-01-2025 21:00,5,584,68.87859789,34.31399687,60.41672262,Clear,0
09-01-2025 22:00,5,658,60.92571343,11.95143896,170.9698026,Clear,0
09-01-2025 23:00,5,175,67.38946459,8.188328216,169.77573,Clear,0
10-01-2025 00:00,5,109,53.8610155,24.21086548,153.5362238,Snow,0
10-01-2025 01:00,5,649,22.27356464,22.84182942,56.42977342,Clear,0
10-01-2025 02:00,5,230,22.0855741,18.02247073,186.9580898,Clear,0
10-01-2025 03:00,5,672,36.37017199,16.69019122,82.78193431,Clear,0
10-01-2025 04:00,5,79,22.78196785,40.23055916,194.7097368,Clear,0
10-01-2025 05:00,5,667,28.76967518,36.4843255,119.2548367,Clear,0
10-01-2025 06:00,5,914,8.924273483,40.65266551,114.823903,Clear,0
10-01-2025 07:00,5,985,70.9877231,36.23942422,116.913381,Storm,0
10-01-2025 08:00,5,498,46.31982539,20.89567612,80.28670087,Rain,0
10-01-2025 09:00,5,993,37.66222585,36.52356944,12.98203772,Clear,0
10-01-2025 10:00,5,443,82.61342118,6.41456621,167.5948616,Clear,0
10-01-2025 11:00,5,469,15.07258305,46.97353079,18.41561691,Rain,0
10-01-2025 12:00,5,891,11.01532846,49.31212254,15.99157934,Clear,0
10-01-2025 13:00,5,673,48.01473049,26.25876056,35.34305377,Storm,0
10-01-2025 14:00,5,536,70.60250084,6.584137087,134.8097146,Clear,0
10-01-2025 15:00,5,770,54.50469136,14.99679467,57.19535566,Rain,0
10-01-2025 16:00,5,926,34.34016187,16.44874514,21.50492869,Clear,0
10-01-2025 17:00,5,277,89.24338831,36.86330575,116.5761767,Clear,0
10-01-2025 18:00,5,474,53.57583165,32.18105814,135.4004949,Clear,0
10-01-2025 19:00,5,523,49.21670221,46.40005693,11.8635418,Clear,0
10-01-2025 20:00,5,107,21.10441523,38.07352242,168.1730001,Snow,0
10-01-2025 21:00,5,548,68.44050532,33.62330837,143.0303415,Clear,0
10-01-2025 22:00,5,326,72.697445,4.409507394,104.3092308,Clear,0
10-01-2025 23:00,5,92,6.29025085,18.10504437,35.09869633,Clear,0
11-01-2025 00:00,5,253,7.890119867,33.97456961,165.115568,Snow,0
11-01-2025 01:00,5,576,18.37599166,26.51448532,167.5171468,Clear,0
11-01-2025 02:00,5,104,13.95112598,16.44417722,176.2855706,Clear,0
11-01-2025 03:00,5,527,76.47433703,39.84232208,54.27628014,Snow,0
11-01-2025 04:00,5,325,64.5958246,21.58307081,21.6177744,Clear,0
11-01-2025 05:00,5,220,72.29713123,5.395857427,132.5225083,Clear,0
11-01-2025 06:00,5,658,73.77956149,28.68587068,98.96301678,Snow,0
11-01-2025 07:00,5,815,97.86005644,12.60973411,77.51386838,Clear,0
11-01-2025 08:00,5,556,87.1443865,46.37436346,14.52314822,Clear,0
11-01-2025 09:00,5,924,9.396588551,44.18140592,179.9318388,Clear,1
11-01-2025 10:00,5,407,12.64210402,8.668887055,57.47970702,Clear,0
11-01-2025 11:00,5,514,44.01739261,42.0762685,196.3808415,Clear,0
11-01-2025 12:00,5,88,56.24626377,26.3692922,11.66720346,Clear,0
11-01-2025 13:00,5,279,35.49627717,29.20740842,122.885761,Clear,0
11-01-2025 14:00,5,231,93.21760131,48.81877356,188.4254479,Clear,0
11-01-2025 15:00,5,89,88.89585727,23.84091625,49.69241208,Snow,0
11-01-2025 16:00,5,823,46.16986013,38.17502035,28.54004222,Clear,0
11-01-2025 17:00,5,580,21.6619156,26.14742026,90.82894391,Snow,0
11-01-2025 18:00,5,107,50.59839123,41.53035958,165.2541836,Snow,0
11-01-2025 19:00,5,549,80.96153259,14.59941032,168.0545153,Clear,0
11-01-2025 20:00,5,537,83.69068202,24.1976354,167.5644687,Rain,0
11-01-2025 21:00,5,392,20.796065,41.91275885,78.13844733,Clear,0
11-01-2025 22:00,5,715,52.5140679,21.69524176,42.64856581,Clear,0
11-01-2025 23:00,5,722,70.75707469,25.80572406,112.2825726,Rain,0
12-01-2025 00:00,5,346,26.99412148,47.54631637,15.26107848,Clear,0
12-01-2025 01:00,5,649,47.69862335,34.77760229,23.24447183,Snow,0
12-01-2025 02:00,5,632,71.86600509,41.73815121,17.6469061,Clear,0
12-01-2025 03:00,5,392,11.18803767,39.23111891,153.6160887,Rain,0
12-01-2025 04:00,5,630,71.09579859,38.92702523,18.15786942,Clear,0
12-01-2025 05:00,5,618,12.99045943,9.884966949,100.4013948,Clear,0
12-01-2025 06:00,5,505,81.48407275,32.19932141,178.2273914,Clear,0
12-01-2025 07:00,5,698,42.53916531,33.03569289,93.2260388,Rain,0
12-01-2025 08:00,5,828,70.5858693,46.7913927,145.6489952,Clear,0
12-01-2025 09:00,5,318,19.09222217,2.084530502,129.3839094,Clear,0
12-01-2025 10:00,5,271,89.25857765,21.1313157,80.60130977,Clear,0
12-01-2025 11:00,5,908,67.99011705,37.2827679,93.76740855,Snow,0
12-01-2025 12:00,5,500,96.35000225,29.3451893,197.6431972,Clear,0
12-01-2025 13:00,5,267,90.35232574,10.33205762,196.6925697,Rain,0
12-01-2025 14:00,5,789,9.266402168,8.366947862,90.46957754,Clear,0
12-01-2025 15:00,5,705,17.26415324,23.36907608,61.62197707,Clear,0
12-01-2025 16:00,5,985,81.09365751,13.70981703,120.5742634,Clear,0
12-01-2025 17:00,5,172,85.10391845,47.6508625,160.1208073,Clear,0
12-01-2025 18:00,5,597,94.71344793,9.482636271,59.01445954,Rain,0
12-01-2025 19:00,5,272,96.39716091,39.20208345,176.2275738,Rain,0
12-01-2025 20:00,5,681,21.37115072,41.19075264,73.69117012,Clear,0
12-01-2025 21:00,5,228,68.93586459,15.92441741,16.76966112,Snow,0
12-01-2025 22:00,5,729,33.32358226,8.307620285,167.6094014,Rain,0
12-01-2025 23:00,5,60,92.43575328,15.10738932,149.7679858,Rain,0
13-01-2025 00:00,5,593,59.22241705,1.514891907,154.7184942,Clear,0
13-01-2025 01:00,5,157,93.0377203,2.549135552,156.9445227,Clear,0
13-01-2025 02:00,5,893,33.84709635,45.03757957,122.7682095,Clear,0
13-01-2025 03:00,5,380,7.758684353,2.984533638,126.4070207,Rain,0
13-01-2025 04:00,5,385,43.6806809,36.5850638,30.91105808,Clear,0
13-01-2025 05:00,5,518,63.23994246,31.78569349,149.4803264,Clear,0
13-01-2025 06:00,5,199,65.03595921,28.29140915,35.35911085,Clear,0
13-01-2025 07:00,5,411,14.44885176,19.64822113,156.1820378,Rain,0
13-01-2025 08:00,5,868,50.87278818,10.03724177,103.5114461,Clear,0
13-01-2025 09:00,5,472,7.002662741,43.07382937,184.6916241,Clear,0
13-01-2025 10:00,5,737,46.11133257,18.45853906,84.41007163,Rain,0
13-01-2025 11:00,5,484,45.32121944,8.132820174,167.9164032,Clear,0
13-01-2025 12:00,5,918,98.61832675,41.41528778,198.9081306,Clear,1
13-01-2025 13:00,5,960,89.2390064,9.303868736,99.91085568,Storm,0
13-01-2025 14:00,5,528,55.54128047,21.13614983,124.3901979,Clear,0
13-01-2025 15:00,5,131,78.15289453,48.48163521,156.9494601,Clear,0
13-01-2025 16:00,5,174,99.33677453,41.00156695,171.8576731,Clear,0
13-01-2025 17:00,5,918,60.58449036,11.52868752,178.9282861,Storm,1
13-01-2025 18:00,5,283,56.67749,26.23795694,141.3915028,Clear,0
13-01-2025 19:00,5,51,97.4710236,13.84603161,50.44164648,Clear,0
13-01-2025 20:00,5,785,6.292417568,21.18301658,23.94296316,Clear,0
13-01-2025 21:00,5,790,73.14312737,6.159350055,55.49361775,Clear,0
13-01-2025 22:00,5,237,75.89527583,11.73287972,23.66088954,Rain,0
13-01-2025 23:00,5,310,69.33047326,47.4465933,131.3108042,Rain,0
14-01-2025 00:00,5,817,76.11310364,45.20879404,19.45576735,Clear,0
14-01-2025 01:00,5,842,70.50660245,45.42747379,192.1716698,Clear,1
14-01-2025 02:00,5,962,64.90780481,46.77361185,153.8616588,Clear,1
14-01-2025 03:00,5,163,40.94376529,43.08734404,51.95673402,Clear,0
14-01-2025 04:00,5,985,95.84462381,22.25266626,159.2690928,Snow,1
14-01-2025 05:00,5,828,40.59691515,23.98604577,91.09028433,Clear,0
14-01-2025 06:00,5,116,39.27664849,41.4916013,95.90642047,Clear,0
14-01-2025 07:00,5,952,18.53399907,32.39130714,156.8617753,Clear,1
14-01-2025 08:00,5,498,63.09550149,12.7337742,174.8067815,Clear,0
14-01-2025 09:00,5,534,67.10340881,14.63080416,99.85611278,Rain,0
14-01-2025 10:00,5,851,38.595597,26.71898368,123.9316274,Clear,0
14-01-2025 11:00,5,841,58.68946894,45.69779512,193.9883585,Clear,1
14-01-2025 12:00,5,509,29.41559206,20.94750585,104.7281512,Clear,0
14-01-2025 13:00,5,311,43.16301237,23.4618476,171.2392818,Rain,0
14-01-2025 14:00,5,410,37.99133731,10.1646947,76.07535397,Clear,0
14-01-2025 15:00,5,538,78.27479516,21.16406854,44.93068811,Snow,0
14-01-2025 16:00,5,501,71.4402409,17.73851079,92.30363931,Clear,0
14-01-2025 17:00,5,880,54.57413961,7.894075769,51.73818882,Clear,0
14-01-2025 18:00,5,959,48.94072861,21.52810126,158.0738904,Clear,1
14-01-2025 19:00,5,273,45.19058687,43.10621838,35.58821542,Rain,0
14-01-2025 20:00,5,700,99.50160037,41.13779325,115.5836727,Clear,0
14-01-2025 21:00,5,569,25.25059923,6.720895391,88.92475169,Clear,0
14-01-2025 22:00,5,921,19.81299396,13.42393902,26.9130637,Clear,0
14-01-2025 23:00,5,620,45.2849576,26.01791773,44.49972659,Storm,0
15-01-2025 00:00,5,568,72.32690748,20.15084391,169.8485868,Clear,0
15-01-2025 01:00,5,109,25.86623159,18.20917085,13.90857829,Storm,0
15-01-2025 02:00,5,958,78.87604412,25.14469591,178.9506626,Clear,1
15-01-2025 03:00,5,80,18.37877091,22.74420951,71.83855905,Clear,0
15-01-2025 04:00,5,538,31.28364451,33.14148683,32.76972569,Snow,0
15-01-2025 05:00,5,909,68.37317488,29.15234801,69.8986889,Clear,0
15-01-2025 06:00,5,318,30.95433307,21.04033868,142.8561197,Clear,0
15-01-2025 07:00,5,841,6.671286359,14.13257487,81.32509192,Snow,0
15-01-2025 08:00,5,935,36.7550206,44.18122689,126.8329163,Rain,0
15-01-2025 09:00,5,720,33.38845403,47.58371534,31.92414351,Clear,0
15-01-2025 10:00,5,477,50.20041021,41.96952744,138.8337773,Clear,0
15-01-2025 11:00,5,541,51.00404034,22.70658539,67.44531475,Storm,0
15-01-2025 12:00,5,581,55.88500702,7.718056216,112.3104356,Clear,0
15-01-2025 13:00,5,897,92.23876049,43.05570642,47.81841811,Snow,0
15-01-2025 14:00,5,301,15.31349875,39.79491176,42.44336469,Clear,0
15-01-2025 15:00,5,363,57.71957448,39.20586473,32.19859992,Clear,0
15-01-2025 16:00,5,764,7.113783433,36.11896687,30.94425266,Rain,0
15-01-2025 17:00,5,248,34.05652026,3.38274611,138.3692759,Rain,0
15-01-2025 18:00,5,984,83.79302092,10.34882101,163.3641563,Clear,1
15-01-2025 19:00,5,928,64.3555922,14.19905871,63.96670522,Clear,0
15-01-2025 20:00,5,607,66.17980559,49.73075011,12.28174099,Clear,0
15-01-2025 21:00,5,151,38.4892538,33.76083251,83.77657781,Clear,0
15-01-2025 22:00,5,764,30.54590893,3.745427529,87.64495962,Clear,0
15-01-2025 23:00,5,828,55.61836182,31.61633396,197.7364648,Clear,1
16-01-2025 00:00,5,386,89.97951814,10.30982895,75.25441383,Clear,0
16-01-2025 01:00,5,97,37.82589628,19.2338896,125.8489571,Clear,0
16-01-2025 02:00,5,229,60.08411042,26.49697051,186.837901,Snow,0
16-01-2025 03:00,5,294,15.13223161,48.2446368,118.9244649,Clear,0
16-01-2025 04:00,5,696,6.754260965,4.036776763,178.7352726,Snow,0
16-01-2025 05:00,5,927,45.92356916,17.53332073,134.624297,Snow,0
16-01-2025 06:00,5,181,15.7728411,22.25262607,96.88696162,Clear,0
16-01-2025 07:00,5,625,99.18317699,12.96270422,47.72495667,Clear,0
16-01-2025 08:00,5,477,33.63284585,8.803823023,36.75565145,Rain,0
16-01-2025 09:00,5,523,73.75590661,2.226229977,118.4223947,Snow,0
16-01-2025 10:00,5,743,58.98164249,20.52283327,195.7933304,Clear,0
16-01-2025 11:00,5,895,98.24643234,10.76686909,22.39848593,Snow,0
16-01-2025 12:00,5,703,94.70554273,21.08563842,139.1317814,Storm,0
16-01-2025 13:00,5,554,30.18915521,1.827774399,101.1430309,Snow,0
16-01-2025 14:00,5,948,95.84148872,44.09859864,120.2082755,Clear,0
16-01-2025 15:00,5,850,94.5807682,44.60005695,109.4953358,Clear,0
16-01-2025 16:00,5,938,48.28224106,18.80335531,129.6178051,Clear,0
16-01-2025 17:00,5,220,56.38165999,12.04150866,195.1146356,Clear,0
16-01-2025 18:00,5,491,74.40320769,48.30745074,163.7634402,Snow,0
16-01-2025 19:00,5,545,58.84263357,12.2599885,17.19992895,Clear,0
16-01-2025 20:00,5,478,37.60175677,34.11345293,28.62445371,Clear,0
16-01-2025 21:00,5,904,27.72179551,29.91457657,94.22433736,Clear,0
16-01-2025 22:00,5,833,76.55424369,11.7342642,104.6816948,Rain,0
16-01-2025 23:00,5,701,34.25465223,14.65278832,84.75514911,Clear,0
17-01-2025 00:00,5,361,51.06279009,44.63462188,66.40944759,Snow,0
17-01-2025 01:00,5,403,54.31371438,40.7096951,91.26322246,Rain,0
17-01-2025 02:00,5,527,53.71097848,46.60469257,150.0537435,Clear,0
17-01-2025 03:00,5,564,26.29636629,18.59638721,53.77121625,Clear,0
17-01-2025 04:00,5,274,79.72824082,18.86054726,197.8644771,Clear,0
17-01-2025 05:00,5,352,11.38372432,36.01254337,143.5963232,Clear,0
17-01-2025 06:00,5,505,49.4908092,43.22957841,105.7672214,Clear,0
17-01-2025 07:00,5,858,86.92966633,11.43403783,84.20913174,Clear,0
17-01-2025 08:00,5,102,70.57002379,36.86642408,18.13909103,Clear,0
17-01-2025 09:00,5,632,35.02965027,38.40361361,14.20659108,Clear,0
17-01-2025 10:00,5,331,41.51220766,37.18119021,157.1009561,Clear,0
17-01-2025 11:00,5,581,44.25615436,1.700247732,149.1812376,Clear,0
17-01-2025 12:00,5,586,24.0252847,29.38183829,98.66053029,Clear,0
17-01-2025 13:00,5,896,13.12482917,43.56530617,62.97830284,Clear,0
17-01-2025 14:00,5,81,70.02110551,23.92673388,27.64329986,Rain,0
17-01-2025 15:00,5,388,22.87630161,17.22824984,85.26317336,Clear,0
17-01-2025 16:00,5,841,45.19577594,7.723644349,40.4979289,Clear,0
17-01-2025 17:00,5,604,66.91857549,2.433843349,65.4666945,Clear,0
17-01-2025 18:00,5,207,57.34455192,6.620903787,189.1330427,Clear,0
17-01-2025 19:00,5,163,62.47529083,20.21426489,32.48157387,Rain,0
17-01-2025 20:00,5,369,35.75304031,25.94879733,138.0246877,Clear,0
17-01-2025 21:00,5,854,11.23967939,13.20476478,118.6494651,Clear,0
17-01-2025 22:00,5,251,48.50232088,7.251970725,92.21393378,Clear,0
17-01-2025 23:00,5,714,91.35480947,19.9155214,186.0499943,Clear,0
18-01-2025 00:00,5,195,78.46854578,42.10517294,79.70499491,Rain,0
18-01-2025 01:00,5,548,26.12718637,47.65651804,192.1290302,Rain,0
18-01-2025 02:00,5,69,99.83555274,3.410260521,93.81728388,Clear,0
18-01-2025 03:00,5,766,44.75662261,2.883017014,92.42607749,Clear,0
18-01-2025 04:00,5,561,61.17754603,36.06632257,178.9180024,Rain,0
18-01-2025 05:00,5,509,41.89735214,25.65702883,156.0596107,Snow,0
18-01-2025 06:00,5,473,41.56134494,39.02971332,92.01383489,Clear,0
18-01-2025 07:00,5,476,85.03294723,13.26956638,178.7867616,Rain,0
18-01-2025 08:00,5,953,20.47042465,3.075137626,116.1752746,Clear,0
18-01-2025 09:00,5,534,39.29228832,8.136952462,73.14406424,Clear,0
18-01-2025 10:00,5,743,99.09480887,19.33895892,154.5523176,Clear,0
18-01-2025 11:00,5,465,35.02487304,44.54181603,116.4870589,Clear,0
18-01-2025 12:00,5,692,60.09841544,12.63597645,85.73950271,Rain,0
18-01-2025 13:00,5,268,58.77451943,3.175720815,161.3227724,Clear,0
18-01-2025 14:00,5,560,52.46867315,37.59059185,116.9066883,Clear,0
18-01-2025 15:00,5,988,75.5651293,27.80279667,58.75909274,Clear,0
18-01-2025 16:00,5,498,24.30020364,4.310187329,42.57211885,Storm,0
18-01-2025 17:00,5,429,10.92244135,2.57441244,145.0306971,Rain,0
18-01-2025 18:00,5,802,23.31144099,34.73143854,61.75307006,Rain,0
18-01-2025 19:00,5,498,92.84151046,6.07626035,113.1677967,Clear,0
18-01-2025 20:00,5,91,67.16736966,24.88761165,79.5975976,Clear,0
18-01-2025 21:00,5,494,69.35065794,36.66003015,139.758922,Snow,0
18-01-2025 22:00,5,151,41.46812058,24.12030577,175.0816428,Clear,0
18-01-2025 23:00,5,819,33.74002141,34.98218226,11.69342899,Clear,0
19-01-2025 00:00,5,340,60.34708899,8.022191778,94.62703143,Clear,0
19-01-2025 01:00,5,424,48.1125118,31.88391794,112.5193696,Clear,0
19-01-2025 02:00,5,724,49.81787936,37.4492451,36.60745394,Clear,0
19-01-2025 03:00,5,241,19.32879658,1.630019172,30.8960548,Clear,0
19-01-2025 04:00,5,246,27.77569643,5.900886411,141.4629051,Clear,0
19-01-2025 05:00,5,507,51.30963179,18.8956308,81.36145798,Clear,0
19-01-2025 06:00,5,358,63.37002333,2.372260654,187.0398232,Clear,0
19-01-2025 07:00,5,85,22.1279571,45.17683619,42.11712811,Snow,0
19-01-2025 08:00,5,842,49.63954126,19.80238656,32.63983865,Clear,0
19-01-2025 09:00,5,451,57.69571652,7.166095835,94.97185419,Clear,0
19-01-2025 10:00,5,67,26.46794654,32.33395354,96.83043878,Clear,0
19-01-2025 11:00,5,622,18.00349233,46.8579225,191.5770458,Snow,0
19-01-2025 12:00,5,248,7.535850066,23.82771472,20.95982407,Clear,0
19-01-2025 13:00,5,75,82.14966418,12.06080765,109.9733109,Clear,0
19-01-2025 14:00,5,520,60.38561589,8.206425323,155.4321212,Rain,0
19-01-2025 15:00,5,884,49.54957013,13.81939359,185.1043039,Clear,1
19-01-2025 16:00,5,374,89.9670361,3.801803072,123.4231535,Clear,0
19-01-2025 17:00,5,407,15.60548528,22.61070549,77.23544126,Clear,0
19-01-2025 18:00,5,741,65.8329979,23.94674643,173.0225949,Clear,0
19-01-2025 19:00,5,744,52.32144906,44.98574896,193.6141126,Clear,0
19-01-2025 20:00,5,632,15.48180351,2.346774547,62.00214803,Clear,0
19-01-2025 21:00,5,819,72.51338836,49.09886194,145.1874511,Clear,0
19-01-2025 22:00,5,140,70.40002789,12.1111541,16.68521512,Clear,0
19-01-2025 23:00,5,331,15.79686982,35.53443038,171.653132,Storm,0
20-01-2025 00:00,5,395,75.57341719,25.01208349,91.74341565,Clear,0
20-01-2025 01:00,5,744,29.46998434,17.33939401,93.88855234,Clear,0
20-01-2025 02:00,5,126,36.37540189,7.160030481,100.3184679,Rain,0
20-01-2025 03:00,5,548,23.61797864,29.51523843,159.3619351,Clear,0
20-01-2025 04:00,5,213,50.83484218,40.45583928,162.9477307,Snow,0
20-01-2025 05:00,5,747,36.04182449,15.18759464,109.5026934,Clear,0
20-01-2025 06:00,5,137,20.79045368,14.77649769,109.0534763,Clear,0
20-01-2025 07:00,5,115,13.3368253,8.630574584,156.0848749,Rain,0
20-01-2025 08:00,5,436,98.01955778,4.598789859,63.94430594,Clear,0
20-01-2025 09:00,5,430,79.57398423,44.68744734,116.956934,Clear,0
20-01-2025 10:00,5,648,56.58024411,32.20804964,109.1472201,Clear,0
20-01-2025 11:00,5,720,26.66737144,8.709547584,126.911943,Storm,0
20-01-2025 12:00,5,244,56.9100353,6.866648186,187.5049238,Clear,0
20-01-2025 13:00,5,290,10.52435645,26.79926521,112.4910378,Snow,0
20-01-2025 14:00,5,80,23.28515971,13.94873401,168.6244935,Clear,0
20-01-2025 15:00,5,762,99.30883886,48.00048084,11.12893361,Clear,0
20-01-2025 16:00,5,937,90.94065058,1.677288001,113.6076084,Clear,0
20-01-2025 17:00,5,92,63.8680944,45.95073727,98.10902983,Clear,0
20-01-2025 18:00,5,683,96.36581079,48.97516732,160.6723558,Storm,0
20-01-2025 19:00,5,102,99.42978467,27.63347165,99.98984354,Storm,0
20-01-2025 20:00,5,831,45.16432235,4.223721859,163.842418,Storm,1
20-01-2025 21:00,5,156,30.79568088,2.626193881,108.2327975,Clear,0
20-01-2025 22:00,5,786,63.00877937,48.37575938,137.4395537,Clear,0
20-01-2025 23:00,5,483,81.01503248,32.4451152,137.1008119,Rain,0
21-01-2025 00:00,5,645,84.63416475,46.88736255,70.30906541,Clear,0
21-01-2025 01:00,5,831,63.57584462,12.45857009,25.18387078,Clear,0
21-01-2025 02:00,5,532,95.65251801,45.91738493,54.32052136,Rain,0
21-01-2025 03:00,5,834,43.67307242,32.87816476,77.66644078,Storm,0
21-01-2025 04:00,5,107,63.4536117,19.38800808,84.87130877,Clear,0
21-01-2025 05:00,5,607,75.49879629,35.11115032,179.2289332,Rain,0
21-01-2025 06:00,5,890,37.71485439,32.76272786,84.57582029,Snow,0
21-01-2025 07:00,5,251,35.95438151,39.49448783,181.0714442,Clear,0
21-01-2025 08:00,5,974,38.15406026,41.76029586,70.50195955,Clear,0
21-01-2025 09:00,5,858,41.2764744,33.0380811,24.45698056,Clear,0
21-01-2025 10:00,5,787,46.26219091,17.42397333,73.83225716,Clear,0
21-01-2025 11:00,5,468,20.41667831,1.608388369,42.5437009,Rain,0
21-01-2025 12:00,5,996,7.811392338,19.66634237,87.43153223,Clear,0
21-01-2025 13:00,5,674,75.88429786,3.479467969,179.5771696,Clear,0
21-01-2025 14:00,5,183,6.901395851,27.7768757,74.92345203,Clear,0
21-01-2025 15:00,5,752,10.47605608,46.92584019,121.3908902,Clear,0
21-01-2025 16:00,5,243,84.3001057,2.623539647,60.9918894,Clear,0
21-01-2025 17:00,5,925,37.12994145,17.51649674,15.94156177,Clear,0
21-01-2025 18:00,5,539,73.38387962,41.85665613,85.05770178,Clear,0
21-01-2025 19:00,5,996,64.68437641,23.08268891,24.96457728,Clear,0
21-01-2025 20:00,5,667,92.22821846,19.68545504,155.3861386,Clear,0
21-01-2025 21:00,5,680,64.40195633,26.1335547,111.2966501,Clear,0
21-01-2025 22:00,5,853,17.95661233,5.037817295,170.1908917,Clear,1
21-01-2025 23:00,5,83,73.94686958,11.50071712,158.6458175,Clear,0
22-01-2025 00:00,5,788,64.31804631,34.28858071,102.6302384,Clear,0
22-01-2025 01:00,5,746,42.76462127,21.74741876,185.9383914,Clear,0
22-01-2025 02:00,5,636,89.44435427,16.78747908,12.54691471,Rain,0
22-01-2025 03:00,5,764,90.73964121,41.62746945,146.1875264,Clear,0
22-01-2025 04:00,5,225,90.29395256,8.330285151,166.9349972,Clear,0
22-01-2025 05:00,5,251,57.53467536,15.00996122,54.27009306,Clear,0
22-01-2025 06:00,5,922,55.30087383,34.53800337,128.337555,Clear,0
22-01-2025 07:00,5,636,80.46480785,32.98808316,54.10828723,Clear,0
22-01-2025 08:00,5,192,32.04226238,16.57148502,68.90035203,Rain,0
22-01-2025 09:00,5,946,9.740872487,28.23769785,13.94228601,Clear,0
22-01-2025 10:00,5,308,19.39080074,20.62887851,101.7353239,Clear,0
22-01-2025 11:00,5,195,80.16017027,31.69185288,94.62620478,Clear,0
22-01-2025 12:00,5,957,58.69376451,30.9602776,23.0972134,Snow,0
22-01-2025 13:00,5,865,48.75637649,3.00879962,177.2565663,Clear,1
22-01-2025 14:00,5,326,47.30536373,3.957926332,161.5438764,Clear,0
22-01-2025 15:00,5,129,7.177549449,43.25295659,39.95084681,Clear,0
22-01-2025 16:00,5,645,83.78610871,2.690197615,71.89437225,Storm,0
22-01-2025 17:00,5,116,46.62162297,18.58673656,117.5789165,Clear,0
22-01-2025 18:00,5,194,59.42227038,9.154589091,179.9237657,Clear,0
22-01-2025 19:00,5,889,7.071645347,34.29815184,114.1138814,Clear,0
22-01-2025 20:00,5,754,40.81845403,45.54967373,159.9875109,Rain,0
22-01-2025 21:00,5,779,90.33461295,31.86430148,150.755355,Rain,0
22-01-2025 22:00,5,741,58.52100103,4.734470554,134.0174535,Clear,0
22-01-2025 23:00,5,930,12.83351741,37.06141288,113.8353256,Storm,0
23-01-2025 00:00,5,474,51.43588049,5.374772738,83.6139073,Clear,0
23-01-2025 01:00,5,231,73.61891129,40.93862554,172.1745433,Clear,0
23-01-2025 02:00,5,880,92.33133506,27.47601649,144.0646729,Clear,0
23-01-2025 03:00,5,101,43.70638701,20.11187561,163.8532063,Clear,0
23-01-2025 04:00,5,304,63.9898783,21.87675989,178.9834458,Clear,0
23-01-2025 05:00,5,999,39.61498794,46.99141547,135.9325864,Rain,0
23-01-2025 06:00,5,451,26.98419911,28.36512416,159.4904992,Snow,0
23-01-2025 07:00,5,649,78.92193782,44.8049412,147.6474804,Clear,0
23-01-2025 08:00,5,215,55.16321887,15.13974768,164.7843456,Clear,0
23-01-2025 09:00,5,156,5.616504532,49.49642163,79.14838785,Rain,0
23-01-2025 10:00,5,194,17.39174818,40.08071207,144.8671442,Clear,0
23-01-2025 11:00,5,135,86.14866226,46.58103983,159.8671049,Clear,0
23-01-2025 12:00,5,764,30.03358781,45.2130907,64.02534287,Clear,0
23-01-2025 13:00,5,681,61.65112248,21.37365618,66.99837941,Clear,0
23-01-2025 14:00,5,589,68.24802116,19.19678793,189.4521073,Rain,0
23-01-2025 15:00,5,752,7.122768708,40.62705445,103.3163218,Clear,0
23-01-2025 16:00,5,452,94.18561143,21.93916147,157.0897906,Clear,0
23-01-2025 17:00,5,66,90.19137964,46.0800409,182.4678152,Clear,0
23-01-2025 18:00,5,951,52.00380013,10.13956966,186.4785168,Clear,1
23-01-2025 19:00,5,443,53.92332835,16.7695479,39.28964943,Clear,0
23-01-2025 20:00,5,721,11.88736643,44.86964305,94.30971889,Clear,0
23-01-2025 21:00,5,393,59.67982694,23.70311618,135.4328019,Rain,0
23-01-2025 22:00,5,268,28.964644,45.64221093,85.71357391,Clear,0
23-01-2025 23:00,5,382,15.52059642,15.15370504,49.4987305,Clear,0
24-01-2025 00:00,5,194,6.210199617,30.83130253,22.43822691,Clear,0
24-01-2025 01:00,5,544,67.73671183,6.600439376,65.30498746,Clear,0
24-01-2025 02:00,5,562,59.1177664,33.17895503,97.84381714,Rain,0
24-01-2025 03:00,5,324,61.445139,40.25662427,60.27229661,Clear,0
24-01-2025 04:00,5,483,70.15788325,34.36791853,115.0005705,Clear,0
24-01-2025 05:00,5,106,30.65023571,18.28565483,175.6109864,Clear,0
24-01-2025 06:00,5,468,48.242418,23.64363121,91.38505416,Clear,0
24-01-2025 07:00,5,653,85.04589605,40.46965245,148.9044175,Clear,0
24-01-2025 08:00,5,197,73.23757602,17.50721626,128.713303,Clear,0
24-01-2025 09:00,5,862,45.69327696,23.77137585,195.7469198,Clear,1
24-01-2025 10:00,5,319,86.80023367,13.41999789,130.3517646,Clear,0
24-01-2025 11:00,5,50,76.48927275,23.56494884,91.55004811,Snow,0
24-01-2025 12:00,5,67,44.49615999,27.49022733,119.6882195,Clear,0
24-01-2025 13:00,5,823,23.54341236,8.02150358,14.94561447,Clear,0
24-01-2025 14:00,5,313,84.52445267,10.76260141,48.27435328,Clear,0
24-01-2025 15:00,5,808,98.40041754,12.99577483,81.51041919,Clear,0
24-01-2025 16:00,5,564,61.73817699,36.1481122,95.00001082,Snow,0
24-01-2025 17:00,5,720,56.70372288,2.577624682,127.5952477,Clear,0
24-01-2025 18:00,5,868,42.22992249,20.74042122,133.6469441,Clear,0
24-01-2025 19:00,5,662,82.24326159,15.95035032,121.4621724,Snow,0
24-01-2025 20:00,5,422,5.320429637,10.86140488,122.1848708,Clear,0
24-01-2025 21:00,5,375,77.3375203,39.6598822,186.7050992,Clear,0
24-01-2025 22:00,5,602,63.38935435,27.92811529,159.0291496,Clear,0
24-01-2025 23:00,5,521,12.9033993,14.97791944,108.8707211,Snow,0
25-01-2025 00:00,5,588,57.12014552,1.584976698,105.2300428,Clear,0
25-01-2025 01:00,5,681,43.86222328,2.397406202,50.10061896,Clear,0
25-01-2025 02:00,5,434,95.24074647,6.350657872,97.68420171,Snow,0
25-01-2025 03:00,5,997,94.60048998,5.869756169,172.4184887,Clear,1
25-01-2025 04:00,5,185,8.262621514,33.00833217,42.60843686,Snow,0
25-01-2025 05:00,5,348,43.16579452,4.474488194,155.8262721,Clear,0
25-01-2025 06:00,5,496,86.42299689,14.27642627,153.5377255,Clear,0
25-01-2025 07:00,5,351,25.63718009,38.19545711,159.0159939,Snow,0
25-01-2025 08:00,5,908,50.11819354,30.41423169,118.485754,Clear,0
25-01-2025 09:00,5,881,37.26692528,21.97932266,86.69799495,Rain,0
25-01-2025 10:00,5,917,71.96672818,34.26633983,126.3008197,Clear,0
25-01-2025 11:00,5,58,10.75798393,5.687515735,17.20421937,Clear,0
25-01-2025 12:00,5,405,63.70743945,33.60350775,192.9200132,Clear,0
25-01-2025 13:00,5,469,68.17957068,14.07338532,32.23788171,Clear,0
25-01-2025 14:00,5,359,38.12813541,44.32019913,136.6569368,Clear,0
25-01-2025 15:00,5,759,22.20266672,31.96712256,127.0000618,Clear,0
25-01-2025 16:00,5,197,12.927951,38.80054869,19.08510702,Rain,0
25-01-2025 17:00,5,591,98.07071591,32.7353197,184.1964255,Clear,0
25-01-2025 18:00,5,199,94.5526756,26.10185376,31.42008476,Clear,0
25-01-2025 19:00,5,504,42.23820573,32.65077506,92.93259637,Clear,0
25-01-2025 20:00,5,385,37.44707111,48.00687132,161.736473,Clear,0
25-01-2025 21:00,5,741,93.83325452,34.8517076,51.93307593,Clear,0
25-01-2025 22:00,5,563,88.63307861,7.457546763,33.22449664,Clear,0
25-01-2025 23:00,5,891,82.98014804,9.728497253,142.9305867,Clear,0
26-01-2025 00:00,5,936,18.39972057,41.23285029,178.3177201,Clear,1
26-01-2025 01:00,5,893,74.57752936,17.87419813,136.2092057,Snow,0
26-01-2025 02:00,5,466,69.56920741,35.93498196,187.7150335,Clear,0
26-01-2025 03:00,5,289,11.50996882,43.53170273,160.5915604,Clear,0
26-01-2025 04:00,5,822,82.31120684,40.82834634,121.5146778,Rain,0
26-01-2025 05:00,5,926,21.11067008,43.27720167,104.6482031,Clear,0
26-01-2025 06:00,5,536,81.24208882,28.71106197,181.301269,Clear,0
26-01-2025 07:00,5,510,76.46559879,4.307560215,51.26125803,Clear,0
26-01-2025 08:00,5,349,39.73600546,3.228419614,121.9481723,Rain,0
26-01-2025 09:00,5,699,31.47601116,26.9947989,115.7105843,Clear,0
26-01-2025 10:00,5,243,20.00490538,45.30402051,53.82058268,Clear,0
26-01-2025 11:00,5,854,33.4946094,49.77209102,72.03442003,Snow,0
26-01-2025 12:00,5,740,98.60774828,29.81746695,58.74119735,Clear,0
26-01-2025 13:00,5,157,80.98967391,46.34107464,176.1444338,Clear,0
26-01-2025 14:00,5,575,87.96968351,23.46155624,41.01219633,Rain,0
26-01-2025 15:00,5,573,91.22494057,9.226066153,11.83659067,Clear,0
26-01-2025 16:00,5,782,89.10185749,40.07129017,82.50610403,Clear,0
26-01-2025 17:00,5,677,76.25798712,11.01811499,140.6449692,Clear,0
26-01-2025 18:00,5,287,20.52830654,17.80355086,116.792179,Clear,0
26-01-2025 19:00,5,288,60.8575536,14.56665533,85.55941568,Clear,0
26-01-2025 20:00,5,975,55.36660313,19.69198414,36.20536806,Storm,0
26-01-2025 21:00,5,579,30.16843419,11.84222993,47.20675928,Clear,0
26-01-2025 22:00,5,610,64.44809443,13.10407165,56.29425993,Storm,0
26-01-2025 23:00,5,680,76.79284269,39.69527209,29.90406931,Rain,0
27-01-2025 00:00,5,948,7.550935633,22.77125201,30.12220387,Clear,0
27-01-2025 01:00,5,695,89.54976085,46.47847711,55.24319357,Clear,0
27-01-2025 02:00,5,624,33.12602582,15.09957912,196.7728797,Clear,0
27-01-2025 03:00,5,202,39.97269105,2.91748047,72.10697006,Snow,0
27-01-2025 04:00,5,628,17.81040444,13.55932295,194.9663649,Clear,0
27-01-2025 05:00,5,490,28.96074736,44.00232028,92.84935192,Clear,0
27-01-2025 06:00,5,382,15.6141436,14.80410729,49.95609309,Clear,0
27-01-2025 07:00,5,791,69.51713505,25.08307381,156.6779233,Snow,0
27-01-2025 08:00,5,992,18.25254479,14.77992379,48.77308539,Snow,0
27-01-2025 09:00,5,459,77.18847688,24.73684807,112.1764478,Clear,0
27-01-2025 10:00,5,779,73.08000103,21.87267858,46.13384575,Clear,0
27-01-2025 11:00,5,541,39.34140085,27.69879093,102.637419,Clear,0
27-01-2025 12:00,5,876,27.58428942,29.62671244,83.55486972,Clear,0
27-01-2025 13:00,5,669,71.56952863,42.92560374,98.74970154,Rain,0
27-01-2025 14:00,5,567,63.42950761,42.61287585,77.05534969,Clear,0
27-01-2025 15:00,5,226,75.78189839,28.7910144,68.05092161,Clear,0
27-01-2025 16:00,5,134,75.69768019,27.0671082,125.6173451,Clear,0
27-01-2025 17:00,5,547,83.16068295,47.39316461,30.26965552,Clear,0
27-01-2025 18:00,5,178,73.13275452,37.50892839,181.9456075,Clear,0
27-01-2025 19:00,5,872,26.44008387,36.54219272,110.7993874,Clear,0
27-01-2025 20:00,5,240,49.90314929,3.995743871,109.1891991,Clear,0
27-01-2025 21:00,5,786,62.78995977,34.00803439,65.41801243,Clear,0
27-01-2025 22:00,5,306,56.75406346,49.37846191,160.4836495,Storm,0
27-01-2025 23:00,5,560,82.89211684,6.195850045,86.70232237,Clear,0
28-01-2025 00:00,5,695,81.85676152,25.76143073,143.5128162,Rain,0
28-01-2025 01:00,5,692,29.29457104,13.12141516,192.4127268,Clear,0
28-01-2025 02:00,5,161,44.69278658,37.76530948,114.1262837,Clear,0
28-01-2025 03:00,5,952,41.78987217,16.17310844,15.82530313,Clear,0
28-01-2025 04:00,5,398,8.369610607,43.29618007,78.39268973,Clear,0
28-01-2025 05:00,5,900,19.41212847,28.78057331,155.2422439,Rain,1
28-01-2025 06:00,5,87,37.47436858,45.12900313,19.72414978,Rain,0
28-01-2025 07:00,5,430,21.58277206,49.39170134,78.56813337,Rain,0
28-01-2025 08:00,5,81,17.13938068,6.950688171,63.49165762,Clear,0
28-01-2025 09:00,5,490,64.72075155,46.80690531,58.78137661,Clear,0
28-01-2025 10:00,5,420,30.43640823,29.02304942,193.2902557,Snow,0
28-01-2025 11:00,5,221,38.38232444,28.08075827,132.0054211,Clear,0
28-01-2025 12:00,5,582,11.63254864,28.27808787,57.09635874,Clear,0
28-01-2025 13:00,5,82,98.86076407,15.15795468,37.28451787,Clear,0
28-01-2025 14:00,5,439,66.32160122,47.36251154,63.45433135,Clear,0
28-01-2025 15:00,5,745,56.45838009,17.03648447,143.329842,Clear,0
28-01-2025 16:00,5,844,42.11086221,24.1249585,172.0199817,Clear,1
28-01-2025 17:00,5,335,56.50614149,1.847706014,157.9217205,Clear,0
28-01-2025 18:00,5,921,85.63491584,39.13502149,147.6325898,Rain,0
28-01-2025 19:00,5,283,26.84289054,17.55716986,199.6532002,Rain,0
28-01-2025 20:00,5,367,94.02019019,17.70585814,66.44462198,Clear,0
28-01-2025 21:00,5,749,81.96460485,1.690234196,182.160444,Clear,0
28-01-2025 22:00,5,752,55.17330544,44.5476587,82.30756526,Snow,0
28-01-2025 23:00,5,787,20.10738742,32.94371773,65.21005349,Storm,0
29-01-2025 00:00,5,415,15.6017169,34.60494314,68.17026557,Clear,0
29-01-2025 01:00,5,786,15.67844757,23.14107459,46.5580972,Snow,0
29-01-2025 02:00,5,619,6.150992032,7.521975391,171.4381774,Storm,0
29-01-2025 03:00,5,682,38.69372853,44.48296622,195.4080591,Clear,0
29-01-2025 04:00,5,899,93.04755362,35.57869468,38.8736705,Clear,0
29-01-2025 05:00,5,310,11.38259367,13.38268513,47.59238344,Clear,0
29-01-2025 06:00,5,913,20.33261219,1.642717113,166.0493454,Clear,1
29-01-2025 07:00,5,716,44.75122621,40.27072017,112.3530354,Clear,0
29-01-2025 08:00,5,121,85.88550747,47.18043409,199.4909162,Clear,0
29-01-2025 09:00,5,673,47.81820863,28.62705655,39.91606187,Snow,0
29-01-2025 10:00,5,741,8.33177155,39.7941762,177.9143998,Clear,0
29-01-2025 11:00,5,678,34.66202476,45.56738993,137.4923702,Clear,0
29-01-2025 12:00,5,604,8.254184495,14.43973844,198.0896659,Clear,0
29-01-2025 13:00,5,51,56.04885845,35.7954337,20.67981599,Clear,0
29-01-2025 14:00,5,686,87.71007313,14.16507725,33.03310517,Clear,0
29-01-2025 15:00,5,864,12.18160814,46.88587472,64.99534692,Clear,0
29-01-2025 16:00,5,602,96.93666072,5.973689057,104.5718952,Clear,0
29-01-2025 17:00,5,541,8.749418492,30.5326072,33.44736193,Clear,0
29-01-2025 18:00,5,538,81.43307787,43.14082089,78.3309812,Clear,0
29-01-2025 19:00,5,585,9.344028402,47.32254859,37.31918287,Snow,0
29-01-2025 20:00,5,301,94.11753951,39.66985197,193.2578955,Clear,0
29-01-2025 21:00,5,599,31.62520352,36.01031149,115.4661976,Clear,0
29-01-2025 22:00,5,971,65.70078804,44.06849623,192.765704,Snow,1
29-01-2025 23:00,5,746,33.76349127,10.8176549,113.0883386,Clear,0
30-01-2025 00:00,5,485,21.13875079,42.79372003,70.31868129,Clear,0
30-01-2025 01:00,5,236,44.11763227,5.747715897,54.82116467,Clear,0
30-01-2025 02:00,5,295,6.361203268,16.90772211,70.61836596,Rain,0
30-01-2025 03:00,5,228,46.72325574,39.55303874,185.4604472,Clear,0
30-01-2025 04:00,5,664,44.29360069,19.29194391,117.2709711,Clear,0
30-01-2025 05:00,5,726,37.06009603,19.69485704,149.5843546,Snow,0
30-01-2025 06:00,5,574,30.80549575,37.38030812,25.71904339,Clear,0
30-01-2025 07:00,5,316,21.77264826,32.11475844,65.41410522,Rain,0
30-01-2025 08:00,5,518,71.10761962,29.73281708,130.2678367,Rain,0
30-01-2025 09:00,5,299,64.1461353,2.752959845,13.2858554,Clear,0
30-01-2025 10:00,5,875,74.9194649,38.75117757,53.90833087,Snow,0
30-01-2025 11:00,5,693,27.44346193,45.51074482,105.5033736,Clear,0
30-01-2025 12:00,5,228,71.64437883,20.00859635,10.03334801,Clear,0
30-01-2025 13:00,5,430,61.15089741,15.38286975,38.37620556,Clear,0
30-01-2025 14:00,5,150,80.67613896,43.21080179,170.7378867,Clear,0
30-01-2025 15:00,5,417,23.40301452,25.61242603,91.64315334,Rain,0
30-01-2025 16:00,5,99,6.217741679,47.58163561,161.3698928,Clear,0
30-01-2025 17:00,5,373,78.45980945,45.39340741,54.56086568,Clear,0
30-01-2025 18:00,5,159,71.85658328,2.122592935,65.93407833,Clear,0
30-01-2025 19:00,5,533,93.12335234,32.69615098,194.3558092,Clear,0
30-01-2025 20:00,5,705,77.69111292,19.11543338,41.74960114,Clear,0
30-01-2025 21:00,5,768,76.41311894,37.60175563,75.55392666,Clear,0
30-01-2025 22:00,5,419,76.23473195,9.693208445,12.55649897,Clear,0
30-01-2025 23:00,5,738,76.77241153,1.465803918,192.2116043,Clear,0
31-01-2025 00:00,5,797,92.02462424,20.93331165,61.23309371,Clear,0
